{
	"editor": {
		"allAngles": false,
		"entityTextureMode": false
	},
	"textureWidth": 16,
	"textureHeight": 16,
	"textureSizes": {
	},
	"textures": {
		"shinyiron": "block/shinyiron",
		"metal/darkiron": "block/metal/darkiron",
		"bluepaintedwornsteelplate": "block/metal/bluepaintedwornsteelplate"
	},
	"elements": [
		{
			"name": "base0",
			"from": [ 0.0, 4.0E-4, 0.0 ], 
			"to": [ 16.0, 0.8884, 16.0 ], 
			"rotationOrigin": [ 8.0, 0.4444, 8.0 ],
			"faces": {
				"north": { "texture": "#shinyiron", "uv": [ 0.0, 0.0, 16.0, 16.0 ] },
				"east": { "texture": "#shinyiron", "uv": [ 0.0, 0.0, 16.0, 16.0 ] },
				"south": { "texture": "#shinyiron", "uv": [ 0.0, 0.0, 16.0, 16.0 ] },
				"west": { "texture": "#shinyiron", "uv": [ 0.0, 0.0, 16.0, 16.0 ] },
				"up": { "texture": "#shinyiron", "uv": [ 0.0, 0.0, 16.0, 16.0 ] },
				"down": { "texture": "#shinyiron", "uv": [ 0.0, 0.0, 16.0, 16.0 ] }
			},
			"children": [
				{
					"name": "receiving base1",
					"from": [ 0.0, 0.0, -15.0 ], 
					"to": [ 16.0, 0.888, 1.0 ], 
					"rotationOrigin": [ 8.0, 0.444, -7.0 ],
					"faces": {
						"north": { "texture": "#shinyiron", "uv": [ 0.0, 0.0, 16.0, 16.0 ] },
						"east": { "texture": "#shinyiron", "uv": [ 0.0, 0.0, 16.0, 16.0 ] },
						"south": { "texture": "#shinyiron", "uv": [ 0.0, 0.0, 16.0, 16.0 ] },
						"west": { "texture": "#shinyiron", "uv": [ 0.0, 0.0, 16.0, 16.0 ] },
						"up": { "texture": "#shinyiron", "uv": [ 0.0, 0.0, 16.0, 16.0 ] },
						"down": { "texture": "#shinyiron", "uv": [ 0.0, 0.0, 16.0, 16.0 ] }
					},
					"children": [
						{
							"name": "hitpad2",
							"from": [ 1.956, 1.5856, 2.1551 ], 
							"to": [ 14.044, 2.4908, 14.2431 ], 
							"rotationOrigin": [ 8.0, 2.0382, 8.1991 ],
							"faces": {
								"north": { "texture": "#metal/darkiron", "uv": [ 0.0, 0.0, 16.0, 16.0 ] },
								"east": { "texture": "#metal/darkiron", "uv": [ 0.0, 0.0, 16.0, 16.0 ] },
								"south": { "texture": "#metal/darkiron", "uv": [ 0.0, 0.0, 16.0, 16.0 ] },
								"west": { "texture": "#metal/darkiron", "uv": [ 0.0, 0.0, 16.0, 16.0 ] },
								"up": { "texture": "#metal/darkiron", "uv": [ 0.0, 0.0, 16.0, 16.0 ] },
								"down": { "texture": "#metal/darkiron", "uv": [ 0.0, 0.0, 16.0, 16.0 ] }
							}
						},
						{
							"name": "hitpad.13",
							"from": [ 6.8504, 0.7843, 7.0495 ], 
							"to": [ 9.1496, 3.292, 9.3486 ], 
							"rotationOrigin": [ 8.0, 2.0382, 8.1991 ],
							"faces": {
								"north": { "texture": "#bluepaintedwornsteelplate", "uv": [ 0.0, 0.0, 16.0, 16.0 ] },
								"east": { "texture": "#bluepaintedwornsteelplate", "uv": [ 0.0, 0.0, 16.0, 16.0 ] },
								"south": { "texture": "#bluepaintedwornsteelplate", "uv": [ 0.0, 0.0, 16.0, 16.0 ] },
								"west": { "texture": "#bluepaintedwornsteelplate", "uv": [ 0.0, 0.0, 16.0, 16.0 ] },
								"up": { "texture": "#bluepaintedwornsteelplate", "uv": [ 0.0, 0.0, 16.0, 16.0 ] },
								"down": { "texture": "#bluepaintedwornsteelplate", "uv": [ 0.0, 0.0, 16.0, 16.0 ] }
							}
						},
						{
							"name": "MoldHousing4",
							"from": [ 1.9941, 2.5156, 2.1551 ], 
							"to": [ 2.6643, 4.5875, 14.2431 ], 
							"rotationOrigin": [ 2.3292, 3.5515, 8.1991 ],
							"faces": {
								"north": { "texture": "#shinyiron", "uv": [ 0.0, 0.0, 16.0, 16.0 ] },
								"east": { "texture": "#shinyiron", "uv": [ 0.0, 0.0, 16.0, 16.0 ] },
								"south": { "texture": "#shinyiron", "uv": [ 0.0, 0.0, 16.0, 16.0 ] },
								"west": { "texture": "#shinyiron", "uv": [ 0.0, 0.0, 16.0, 16.0 ] },
								"up": { "texture": "#shinyiron", "uv": [ 0.0, 0.0, 16.0, 16.0 ] },
								"down": { "texture": "#shinyiron", "uv": [ 0.0, 0.0, 16.0, 16.0 ] }
							}
						},
						{
							"name": "MoldHousing5",
							"from": [ 13.3359, 2.5156, 2.1551 ], 
							"to": [ 14.0061, 4.5875, 14.2431 ], 
							"rotationOrigin": [ 13.671, 3.5515, 8.1991 ],
							"faces": {
								"north": { "texture": "#shinyiron", "uv": [ 0.0, 0.0, 16.0, 16.0 ] },
								"east": { "texture": "#shinyiron", "uv": [ 0.0, 0.0, 16.0, 16.0 ] },
								"south": { "texture": "#shinyiron", "uv": [ 0.0, 0.0, 16.0, 16.0 ] },
								"west": { "texture": "#shinyiron", "uv": [ 0.0, 0.0, 16.0, 16.0 ] },
								"up": { "texture": "#shinyiron", "uv": [ 0.0, 0.0, 16.0, 16.0 ] },
								"down": { "texture": "#shinyiron", "uv": [ 0.0, 0.0, 16.0, 16.0 ] }
							}
						},
						{
							"name": "MoldHousing.16",
							"from": [ 7.736, 2.6318, -2.8875 ], 
							"to": [ 8.331, 4.4712, 7.8442 ], 
							"rotationOrigin": [ 8.0335, 3.5515, 2.4783 ],
							"rotationY": -90.000032,
							"faces": {
								"north": { "texture": "#shinyiron", "uv": [ 0.0, 0.0, 16.0, 16.0 ] },
								"east": { "texture": "#shinyiron", "uv": [ 0.0, 0.0, 16.0, 16.0 ] },
								"south": { "texture": "#shinyiron", "uv": [ 0.0, 0.0, 16.0, 16.0 ] },
								"west": { "texture": "#shinyiron", "uv": [ 0.0, 0.0, 16.0, 16.0 ] },
								"up": { "texture": "#shinyiron", "uv": [ 0.0, 0.0, 16.0, 16.0 ] },
								"down": { "texture": "#shinyiron", "uv": [ 0.0, 0.0, 16.0, 16.0 ] }
							}
						}
					]
				},
				{
					"name": "axel7",
					"from": [ 6.3398, 3.8711, 11.4552 ], 
					"to": [ 9.6602, 7.2047, 14.7757 ], 
					"rotationOrigin": [ 8.0, 5.5379, 13.1154 ],
					"faces": {
						"north": { "texture": "#shinyiron", "uv": [ 0.0, 0.0, 16.0, 16.0 ] },
						"east": { "texture": "#shinyiron", "uv": [ 0.0, 0.0, 16.0, 16.0 ] },
						"south": { "texture": "#shinyiron", "uv": [ 0.0, 0.0, 16.0, 16.0 ] },
						"west": { "texture": "#shinyiron", "uv": [ 0.0, 0.0, 16.0, 16.0 ] },
						"up": { "texture": "#shinyiron", "uv": [ 0.0, 0.0, 16.0, 16.0 ] },
						"down": { "texture": "#shinyiron", "uv": [ 0.0, 0.0, 16.0, 16.0 ] }
					},
					"children": [
						{
							"name": "Head8",
							"from": [ -3.4855, 16.2981, -1.3988 ], 
							"to": [ 6.806, 26.8681, 3.5419 ], 
							"rotationOrigin": [ 1.6602, 21.5831, 1.0716 ],
							"faces": {
								"north": { "texture": "#metal/darkiron", "uv": [ 0.0, 0.0, 16.0, 16.0 ] },
								"east": { "texture": "#metal/darkiron", "uv": [ 0.0, 0.0, 16.0, 16.0 ] },
								"south": { "texture": "#metal/darkiron", "uv": [ 0.0, 0.0, 16.0, 16.0 ] },
								"west": { "texture": "#metal/darkiron", "uv": [ 0.0, 0.0, 16.0, 16.0 ] },
								"up": { "texture": "#metal/darkiron", "uv": [ 0.0, 0.0, 16.0, 16.0 ] },
								"down": { "texture": "#metal/darkiron", "uv": [ 0.0, 0.0, 16.0, 16.0 ] }
							}
						},
						{
							"name": "HeadMount9",
							"from": [ -0.1269, 15.2993, 0.6774 ], 
							"to": [ 3.4474, 27.8669, 3.6676 ], 
							"rotationOrigin": [ 1.6602, 21.5831, 2.1725 ],
							"faces": {
								"north": { "texture": "#shinyiron", "uv": [ 0.0, 0.0, 16.0, 16.0 ] },
								"east": { "texture": "#shinyiron", "uv": [ 0.0, 0.0, 16.0, 16.0 ] },
								"south": { "texture": "#shinyiron", "uv": [ 0.0, 0.0, 16.0, 16.0 ] },
								"west": { "texture": "#shinyiron", "uv": [ 0.0, 0.0, 16.0, 16.0 ] },
								"up": { "texture": "#shinyiron", "uv": [ 0.0, 0.0, 16.0, 16.0 ] },
								"down": { "texture": "#shinyiron", "uv": [ 0.0, 0.0, 16.0, 16.0 ] }
							}
						},
						{
							"name": "Arm10",
							"from": [ 0.5656, -1.594, 0.3493 ], 
							"to": [ 2.7549, 25.7729, 2.9712 ], 
							"rotationOrigin": [ 1.6602, 1.6668, 1.6602 ],
							"faces": {
								"north": { "texture": "#metal/darkiron", "uv": [ 0.0, 0.0, 16.0, 16.0 ] },
								"east": { "texture": "#metal/darkiron", "uv": [ 0.0, 0.0, 16.0, 16.0 ] },
								"south": { "texture": "#metal/darkiron", "uv": [ 0.0, 0.0, 16.0, 16.0 ] },
								"west": { "texture": "#metal/darkiron", "uv": [ 0.0, 0.0, 16.0, 16.0 ] },
								"up": { "texture": "#metal/darkiron", "uv": [ 0.0, 0.0, 16.0, 16.0 ] },
								"down": { "texture": "#metal/darkiron", "uv": [ 0.0, 0.0, 16.0, 16.0 ] }
							}
						},
						{
							"name": "HeadMount.111",
							"from": [ 0.5674, 16.0678, 3.201 ], 
							"to": [ 2.7531, 27.0984, 4.026 ], 
							"rotationOrigin": [ 1.6602, 21.5831, 3.6135 ],
							"faces": {
								"north": { "texture": "#shinyiron", "uv": [ 0.0, 0.0, 16.0, 16.0 ] },
								"east": { "texture": "#shinyiron", "uv": [ 0.0, 0.0, 16.0, 16.0 ] },
								"south": { "texture": "#shinyiron", "uv": [ 0.0, 0.0, 16.0, 16.0 ] },
								"west": { "texture": "#shinyiron", "uv": [ 0.0, 0.0, 16.0, 16.0 ] },
								"up": { "texture": "#shinyiron", "uv": [ 0.0, 0.0, 16.0, 16.0 ] },
								"down": { "texture": "#shinyiron", "uv": [ 0.0, 0.0, 16.0, 16.0 ] }
							}
						}
					]
				},
				{
					"name": "InteriorAxel12",
					"from": [ -0.5948, 4.3596, 12.0622 ], 
					"to": [ 16.5948, 6.4744, 14.1687 ], 
					"rotationOrigin": [ 8.0, 5.417, 13.1154 ],
					"faces": {
						"north": { "texture": "#bluepaintedwornsteelplate", "uv": [ 0.0, 0.0, 16.0, 16.0 ] },
						"east": { "texture": "#bluepaintedwornsteelplate", "uv": [ 0.0, 0.0, 16.0, 16.0 ] },
						"south": { "texture": "#bluepaintedwornsteelplate", "uv": [ 0.0, 0.0, 16.0, 16.0 ] },
						"west": { "texture": "#bluepaintedwornsteelplate", "uv": [ 0.0, 0.0, 16.0, 16.0 ] },
						"up": { "texture": "#bluepaintedwornsteelplate", "uv": [ 0.0, 0.0, 16.0, 16.0 ] },
						"down": { "texture": "#bluepaintedwornsteelplate", "uv": [ 0.0, 0.0, 16.0, 16.0 ] }
					}
				},
				{
					"name": "InteriorAxel13",
					"from": [ 0.38, 4.2009, 11.9042 ], 
					"to": [ 15.62, 6.633, 14.3267 ], 
					"rotationOrigin": [ 8.0, 5.417, 13.1154 ],
					"faces": {
						"north": { "texture": "#metal/darkiron", "uv": [ 0.0, 0.0, 16.0, 16.0 ] },
						"east": { "texture": "#metal/darkiron", "uv": [ 0.0, 0.0, 16.0, 16.0 ] },
						"south": { "texture": "#metal/darkiron", "uv": [ 0.0, 0.0, 16.0, 16.0 ] },
						"west": { "texture": "#metal/darkiron", "uv": [ 0.0, 0.0, 16.0, 16.0 ] },
						"up": { "texture": "#metal/darkiron", "uv": [ 0.0, 0.0, 16.0, 16.0 ] },
						"down": { "texture": "#metal/darkiron", "uv": [ 0.0, 0.0, 16.0, 16.0 ] }
					}
				},
				{
					"name": "Cube.214",
					"from": [ 10.2555, 0.9793, 10.2234 ], 
					"to": [ 15.3445, 11.5439, 16.0074 ], 
					"rotationOrigin": [ 12.8, 6.2616, 13.1154 ],
					"faces": {
						"north": { "texture": "#shinyiron", "uv": [ 0.0, 0.0, 16.0, 16.0 ] },
						"east": { "texture": "#shinyiron", "uv": [ 0.0, 0.0, 16.0, 16.0 ] },
						"south": { "texture": "#shinyiron", "uv": [ 0.0, 0.0, 16.0, 16.0 ] },
						"west": { "texture": "#shinyiron", "uv": [ 0.0, 0.0, 16.0, 16.0 ] },
						"up": { "texture": "#shinyiron", "uv": [ 0.0, 0.0, 16.0, 16.0 ] },
						"down": { "texture": "#shinyiron", "uv": [ 0.0, 0.0, 16.0, 16.0 ] }
					}
				},
				{
					"name": "Cube.115",
					"from": [ 0.6555, 0.9793, 10.2234 ], 
					"to": [ 5.7445, 11.5439, 16.0074 ], 
					"rotationOrigin": [ 3.2, 6.2616, 13.1154 ],
					"faces": {
						"north": { "texture": "#shinyiron", "uv": [ 0.0, 0.0, 16.0, 16.0 ] },
						"east": { "texture": "#shinyiron", "uv": [ 0.0, 0.0, 16.0, 16.0 ] },
						"south": { "texture": "#shinyiron", "uv": [ 0.0, 0.0, 16.0, 16.0 ] },
						"west": { "texture": "#shinyiron", "uv": [ 0.0, 0.0, 16.0, 16.0 ] },
						"up": { "texture": "#shinyiron", "uv": [ 0.0, 0.0, 16.0, 16.0 ] },
						"down": { "texture": "#shinyiron", "uv": [ 0.0, 0.0, 16.0, 16.0 ] }
					}
				},
				{
					"name": "DrainInput16",
					"from": [ 0.0662, 4.9004, 3.2365 ], 
					"to": [ 1.4491, 10.5237, 9.0204 ], 
					"rotationOrigin": [ 0.7577, 7.712, 6.1285 ],
					"faces": {
						"north": { "texture": "#bluepaintedwornsteelplate", "uv": [ 0.0, 0.0, 16.0, 16.0 ] },
						"east": { "texture": "#bluepaintedwornsteelplate", "uv": [ 0.0, 0.0, 16.0, 16.0 ] },
						"south": { "texture": "#bluepaintedwornsteelplate", "uv": [ 0.0, 0.0, 16.0, 16.0 ] },
						"west": { "texture": "#bluepaintedwornsteelplate", "uv": [ 0.0, 0.0, 16.0, 16.0 ] },
						"up": { "texture": "#bluepaintedwornsteelplate", "uv": [ 0.0, 0.0, 16.0, 16.0 ] },
						"down": { "texture": "#bluepaintedwornsteelplate", "uv": [ 0.0, 0.0, 16.0, 16.0 ] }
					},
					"children": [
						{
							"name": "Drain Attach17",
							"from": [ 0.0169, 0.7705, 5.4827 ], 
							"to": [ 1.3661, 1.952, 8.0684 ], 
							"rotationOrigin": [ 0.6915, 1.3612, 6.7755 ],
							"faces": {
								"north": { "texture": "#metal/darkiron", "uv": [ 0.0, 0.0, 16.0, 16.0 ] },
								"east": { "texture": "#metal/darkiron", "uv": [ 0.0, 0.0, 16.0, 16.0 ] },
								"south": { "texture": "#metal/darkiron", "uv": [ 0.0, 0.0, 16.0, 16.0 ] },
								"west": { "texture": "#metal/darkiron", "uv": [ 0.0, 0.0, 16.0, 16.0 ] },
								"up": { "texture": "#metal/darkiron", "uv": [ 0.0, 0.0, 16.0, 16.0 ] },
								"down": { "texture": "#metal/darkiron", "uv": [ 0.0, 0.0, 16.0, 16.0 ] }
							}
						},
						{
							"name": "Drain Attach.118",
							"from": [ 0.0169, -1.0124, 5.4827 ], 
							"to": [ 1.3661, 0.1691, 8.0684 ], 
							"rotationOrigin": [ 0.6915, -0.4216, 6.7755 ],
							"faces": {
								"north": { "texture": "#metal/darkiron", "uv": [ 0.0, 0.0, 16.0, 16.0 ] },
								"east": { "texture": "#metal/darkiron", "uv": [ 0.0, 0.0, 16.0, 16.0 ] },
								"south": { "texture": "#metal/darkiron", "uv": [ 0.0, 0.0, 16.0, 16.0 ] },
								"west": { "texture": "#metal/darkiron", "uv": [ 0.0, 0.0, 16.0, 16.0 ] },
								"up": { "texture": "#metal/darkiron", "uv": [ 0.0, 0.0, 16.0, 16.0 ] },
								"down": { "texture": "#metal/darkiron", "uv": [ 0.0, 0.0, 16.0, 16.0 ] }
							}
						},
						{
							"name": "Drain Support19",
							"from": [ 0.1256, -4.384, 4.5209 ], 
							"to": [ 1.1614, 0.0961, 5.5568 ], 
							"rotationOrigin": [ 0.6435, -2.1439, 5.0389 ],
							"faces": {
								"north": { "texture": "#shinyiron", "uv": [ 0.0, 0.0, 16.0, 16.0 ] },
								"east": { "texture": "#shinyiron", "uv": [ 0.0, 0.0, 16.0, 16.0 ] },
								"south": { "texture": "#shinyiron", "uv": [ 0.0, 0.0, 16.0, 16.0 ] },
								"west": { "texture": "#shinyiron", "uv": [ 0.0, 0.0, 16.0, 16.0 ] },
								"up": { "texture": "#shinyiron", "uv": [ 0.0, 0.0, 16.0, 16.0 ] },
								"down": { "texture": "#shinyiron", "uv": [ 0.0, 0.0, 16.0, 16.0 ] }
							}
						},
						{
							"name": "Drain Support.120",
							"from": [ 0.1256, -4.384, 0.4557 ], 
							"to": [ 1.1614, 0.0961, 1.4916 ], 
							"rotationOrigin": [ 0.6435, -2.1439, 0.9736 ],
							"faces": {
								"north": { "texture": "#shinyiron", "uv": [ 0.0, 0.0, 16.0, 16.0 ] },
								"east": { "texture": "#shinyiron", "uv": [ 0.0, 0.0, 16.0, 16.0 ] },
								"south": { "texture": "#shinyiron", "uv": [ 0.0, 0.0, 16.0, 16.0 ] },
								"west": { "texture": "#shinyiron", "uv": [ 0.0, 0.0, 16.0, 16.0 ] },
								"up": { "texture": "#shinyiron", "uv": [ 0.0, 0.0, 16.0, 16.0 ] },
								"down": { "texture": "#shinyiron", "uv": [ 0.0, 0.0, 16.0, 16.0 ] }
							}
						},
						{
							"name": "DrainInput.421",
							"from": [ 3.1727, -3.7557, -1.3334 ], 
							"to": [ 4.8407, 1.208, 0.3345 ], 
							"rotationOrigin": [ 4.0067, -1.2739, -0.4994 ],
							"rotationX": 90.000032,
							"faces": {
								"north": { "texture": "#bluepaintedwornsteelplate", "uv": [ 0.0, 0.0, 16.0, 16.0 ] },
								"east": { "texture": "#bluepaintedwornsteelplate", "uv": [ 0.0, 0.0, 16.0, 16.0 ] },
								"south": { "texture": "#bluepaintedwornsteelplate", "uv": [ 0.0, 0.0, 16.0, 16.0 ] },
								"west": { "texture": "#bluepaintedwornsteelplate", "uv": [ 0.0, 0.0, 16.0, 16.0 ] },
								"up": { "texture": "#bluepaintedwornsteelplate", "uv": [ 0.0, 0.0, 16.0, 16.0 ] },
								"down": { "texture": "#bluepaintedwornsteelplate", "uv": [ 0.0, 0.0, 16.0, 16.0 ] }
							}
						},
						{
							"name": "DrainInput.322",
							"from": [ 3.1239, -1.8767, 1.4756 ], 
							"to": [ 4.8895, -0.0168, 3.2413 ], 
							"rotationOrigin": [ 4.0067, -0.9467, 2.3584 ],
							"rotationX": 60.000021,
							"faces": {
								"north": { "texture": "#bluepaintedwornsteelplate", "uv": [ 0.0, 0.0, 16.0, 16.0 ] },
								"east": { "texture": "#bluepaintedwornsteelplate", "uv": [ 0.0, 0.0, 16.0, 16.0 ] },
								"south": { "texture": "#bluepaintedwornsteelplate", "uv": [ 0.0, 0.0, 16.0, 16.0 ] },
								"west": { "texture": "#bluepaintedwornsteelplate", "uv": [ 0.0, 0.0, 16.0, 16.0 ] },
								"up": { "texture": "#bluepaintedwornsteelplate", "uv": [ 0.0, 0.0, 16.0, 16.0 ] },
								"down": { "texture": "#bluepaintedwornsteelplate", "uv": [ 0.0, 0.0, 16.0, 16.0 ] }
							}
						},
						{
							"name": "DrainInput.223",
							"from": [ 3.115, -1.2275, 1.941 ], 
							"to": [ 4.8985, 1.4511, 3.7245 ], 
							"rotationOrigin": [ 4.0067, 0.1118, 2.8328 ],
							"faces": {
								"north": { "texture": "#bluepaintedwornsteelplate", "uv": [ 0.0, 0.0, 16.0, 16.0 ] },
								"east": { "texture": "#bluepaintedwornsteelplate", "uv": [ 0.0, 0.0, 16.0, 16.0 ] },
								"south": { "texture": "#bluepaintedwornsteelplate", "uv": [ 0.0, 0.0, 16.0, 16.0 ] },
								"west": { "texture": "#bluepaintedwornsteelplate", "uv": [ 0.0, 0.0, 16.0, 16.0 ] },
								"up": { "texture": "#bluepaintedwornsteelplate", "uv": [ 0.0, 0.0, 16.0, 16.0 ] },
								"down": { "texture": "#bluepaintedwornsteelplate", "uv": [ 0.0, 0.0, 16.0, 16.0 ] }
							}
						},
						{
							"name": "DrainInput.124",
							"from": [ 1.3506, 0.6411, 0.6594 ], 
							"to": [ 6.6629, 4.9823, 5.1246 ], 
							"rotationOrigin": [ 4.0067, 2.8117, 2.892 ],
							"faces": {
								"north": { "texture": "#bluepaintedwornsteelplate", "uv": [ 0.0, 0.0, 16.0, 16.0 ] },
								"east": { "texture": "#bluepaintedwornsteelplate", "uv": [ 0.0, 0.0, 16.0, 16.0 ] },
								"south": { "texture": "#bluepaintedwornsteelplate", "uv": [ 0.0, 0.0, 16.0, 16.0 ] },
								"west": { "texture": "#bluepaintedwornsteelplate", "uv": [ 0.0, 0.0, 16.0, 16.0 ] },
								"up": { "texture": "#bluepaintedwornsteelplate", "uv": [ 0.0, 0.0, 16.0, 16.0 ] },
								"down": { "texture": "#bluepaintedwornsteelplate", "uv": [ 0.0, 0.0, 16.0, 16.0 ] }
							}
						},
						{
							"name": "DrainInput25",
							"from": [ 3.4091, -2.0141, -4.1802 ], 
							"to": [ 5.0667, -0.5336, -2.5226 ], 
							"rotationOrigin": [ 4.2379, -1.2739, -3.3514 ],
							"rotationX": 90.000032,
							"rotationZ": 23.257016,
							"faces": {
								"north": { "texture": "#bluepaintedwornsteelplate", "uv": [ 0.0, 0.0, 16.0, 16.0 ] },
								"east": { "texture": "#bluepaintedwornsteelplate", "uv": [ 0.0, 0.0, 16.0, 16.0 ] },
								"south": { "texture": "#bluepaintedwornsteelplate", "uv": [ 0.0, 0.0, 16.0, 16.0 ] },
								"west": { "texture": "#bluepaintedwornsteelplate", "uv": [ 0.0, 0.0, 16.0, 16.0 ] },
								"up": { "texture": "#bluepaintedwornsteelplate", "uv": [ 0.0, 0.0, 16.0, 16.0 ] },
								"down": { "texture": "#bluepaintedwornsteelplate", "uv": [ 0.0, 0.0, 16.0, 16.0 ] }
							}
						}
					]
				}
			]
		}
	],
	"animations": [
		{
			"name": "idle",
			"code": "idle",
			"quantityframes": 30,
			"onActivityStopped": "Rewind",
			"onAnimationEnd": "Repeat",
			"keyframes": [

			]
		},

		{
			"name": "run",
			"code": "run",
			"quantityframes": 75,
			"onActivityStopped": "Rewind",
			"onAnimationEnd": "Repeat",
			"keyframes": [
				{
					"frame": 0,
					"elements": {
						"base0": {  },
						"axel7": { "rotationX": 0.0, "rotationY": 0.0, "rotationZ": 0.0 }
					}
				},
				{
					"frame": 23,
					"elements": {
						"base0": {  },
						"axel7": { "rotationX": -90.0, "rotationY": 0.0, "rotationZ": 0.0 }
					}
				},
				{
					"frame": 41,
					"elements": {
						"base0": {  },
						"axel7": { "rotationX": -90.0, "rotationY": 0.0, "rotationZ": 0.0 }
					}
				},
				{
					"frame": 57,
					"elements": {
						"base0": {  },
						"axel7": { "rotationX": -90.0, "rotationY": 0.0, "rotationZ": 0.0 }
					}
				}
			]
		}
	]
}