﻿{
	
	
	"rock": [
		{
			"outputmaterial": "gravel",
			"outputquantity": 1,
			"odds": 100
		},
		{
			"outputmaterial": "stone",
			"outputquantity": 4,
			"odds": 60
		},
		{
			"outputmaterial": "game:nugget-nativecopper",
			"outputquantity": 1,
			"type": "PARTIAL",
			"odds": 3
		},
		{
			"outputmaterial": "game:nugget-cassiterite",
			"outputquantity": 1,
			"type": "PARTIAL",
			"odds": 2
		},
		{
			"outputmaterial": "game:nugget-sphalerite",
			"outputquantity": 1,
			"type": "PARTIAL",
			"odds": 2
		},
		{
			"outputmaterial": "game:nugget-bismuth",
			"outputquantity": 1,
			"type": "PARTIAL",
			"odds": 3
		},
		{
			"outputmaterial": "game:nugget-magnetite",
			"outputquantity": 1,
			"odds": 1
		}
	],
	"gravel": [
		{
			"outputmaterial": "sand",
			"outputquantity": 1,
			"type": "PARTIAL",
			"odds": 100,
			"machinename": "washplant"
		},
		{
			"outputmaterial": "stone",
			"outputquantity": 1,
			"type": "PARTIAL",
			"odds": 20,
			"machinename": "washplant"
		},
		{
			"outputmaterial": "game:nugget-nativecopper",
			"outputquantity": 1,
			"type": "PARTIAL",
			"odds": 5.5,
			"machinename": "washplant"
		},
		{
			"outputmaterial": "game:nugget-cassiterite",
			"outputquantity": 1,
			"type": "PARTIAL",
			"odds": 3.5,
			"machinename": "washplant"
		},
		{
			"outputmaterial": "game:nugget-sphalerite",
			"outputquantity": 1,
			"type": "PARTIAL",
			"odds": 2,
			"machinename": "washplant"
		},
		{
			"outputmaterial": "game:nugget-bismuth",
			"outputquantity": 1,
			"type": "PARTIAL",
			"odds": 1.3,
			"machinename": "washplant"
		},
		{
			"outputmaterial": "game:nugget-magnetite",
			"outputquantity": 1,
			"odds": 1.8,
			"type": "PARTIAL",
			"machinename": "washplant"
		},
		{
			"outputmaterial": "game:stone-limestone",
			"outputquantity": 1,
			"type": "PARTIAL",
			"odds": 3,
			"machinename": "washplant"
		},
		{
			"outputmaterial": "game:ore-sulfur",
			"outputquantity": 1,
			"type": "PARTIAL",
			"odds": 2,
			"machinename": "washplant"
		}
	],
	"stone": [
		{
			"outputmaterial": "game:nugget-nativecopper",
			"outputquantity": 1,
			"odds": 0.6,
			"type": "PARTIAL"
		},
		{
			"outputmaterial": "game:nugget-cassiterite",
			"outputquantity": 1,
			"odds": 0.5,
			"type": "PARTIAL"
		},
		{
			"outputmaterial": "game:nugget-sphalerite",
			"outputquantity": 1,
			"odds": 0.3,
			"type": "PARTIAL"
		},
		{
			"outputmaterial": "game:nugget-bismuth",
			"outputquantity": 1,
			"odds": 0.4,
			"type": "PARTIAL"
		},
		{
			"outputmaterial": "game:nugget-magnetite",
			"outputquantity": 1,
			"odds": 0.5,
			"type": "PARTIAL"
		}
	],

	"log": [
		{
			"outputmaterial": "game:firewood",
			"outputquantity": 8,
			"odds": 100,
			"type": "PARTIAL",
			"machinename": "logsplitter"
		},
		{
			"outputmaterial": "game:stick",
			"outputquantity": 10,
			"odds": 50,
			"type": "PARTIAL"
		},
		{
			"clearcodeparts":["placed-","-ud"],
			"outputmaterial": "planks",
			"outputquantity": 16,
			"odds": 100,
			"type": "SWAP",
			"machinename": "sawmill",
			"suffix": "-hor"
		}
		

	],

	"logsection": [
		{
			"outputmaterial": "game:firewood",
			"outputquantity": 5,
			"odds": 100,
			"type": "PARTIAL",
			"machinename": "logsplitter"
		},
		{
			"outputmaterial": "game:stick",
			"outputquantity": 10,
			"odds": 50,
			"type": "PARTIAL"
		},
		{
			"clearcodeparts":["placed-","-ne-ud"],
			"outputmaterial": "planks",
			"outputquantity": 16,
			"odds": 100,
			"type": "SWAP",
			"machinename": "sawmill",
			"suffix": "-hor"
		}
		
	],
	"game:log-placed-pine-ud": [
		{
			"outputmaterial": "game:resin",
			"outputquantity": 2,
			"odds": 75,
			"type": "DIRECT"
		}
	],

	"sand": [

		{
			"outputmaterial": "game:clay-blue",
			"outputquantity": 1,
			"odds": 10,
			"type": "PARTIAL",
			"machinename": "washplant"
		},
		{
			"outputmaterial": "game:clay-fire",
			"outputquantity": 1,
			"odds": 5,
			"type": "PARTIAL",
			"machinename": "washplant"
		},
		{
			"outputmaterial": "sand",
			"outputquantity": 1,
			"odds": 25,
			"machinename": "washplant"
		},
		{
			"outputmaterial": "game:nugget-nativecopper",
			"outputquantity": 3,
			"odds": 5,
			"type": "PARTIAL",
			"machinename": "washplant"
		},
		{
			"outputmaterial": "game:nugget-cassiterite",
			"outputquantity": 1,
			"odds": 2,
			"type": "PARTIAL",
			"machinename": "washplant"
		},
		{
			"outputmaterial": "game:nugget-sphalerite",
			"outputquantity": 1,
			"odds": 2,
			"type": "PARTIAL",
			"machinename": "washplant"
		},
		{
			"outputmaterial": "game:nugget-bismuth",
			"outputquantity": 1,
			"odds": 1,
			"type": "PARTIAL",
			"machinename": "washplant"
		},
		{
			"outputmaterial": "game:nugget-magnetite",
			"outputquantity": 1,
			"odds": 0.5,
			"type": "PARTIAL",
			"machinename": "washplant"
		},
		{
			"outputmaterial": "game:lime",
			"outputquantity": 1,
			"type": "PARTIAL",
			"odds": 1,
			"machinename": "washplant"
		}

	],
	"game:bonysoil": [

		{
			"outputmaterial": "game:gear-rusty",
			"outputquantity": 1,
			"odds": 4,
			"type": "DIRECT",
			"machinename": "washplant"
		},
		{
			"outputmaterial": "game:candle",
			"outputquantity": 1,
			"odds": 2,
			"type": "DIRECT",
			"machinename": "washplant"
		},

		{
			"outputmaterial": "game:gear-temporal",
			"outputquantity": 1,
			"odds": 0.1,
			"type": "DIRECT",
			"machinename": "washplant"
		},
		{
			"outputmaterial": "game:spearhead-copper",
			"outputquantity": 1,
			"odds": 2,
			"type": "DIRECT",
			"machinename": "washplant"
		},
		{
			"outputmaterial": "game:flaxfibers",
			"outputquantity": 1,
			"odds": 20,
			"type": "DIRECT",
			"machinename": "washplant"
		},
		{
			"outputmaterial": "game:arrowhead-flint",
			"outputquantity": 1,
			"odds": 15,
			"type": "DIRECT",
			"machinename": "washplant"
		},
		{
			"outputmaterial": "game:arrowhead-copper",
			"outputquantity": 1,
			"odds": 8,
			"type": "DIRECT",
			"machinename": "washplant"
		},
		{
			"outputmaterial": "game:nugget-nativegold",
			"outputquantity": 1,
			"odds": 1,
			"type": "DIRECT",
			"machinename": "washplant"
		},
		{
			"outputmaterial": "game:nugget-nativesilver",
			"outputquantity": 1,
			"odds": 1,
			"type": "DIRECT",
			"machinename": "washplant"
		}
	],
	"muddygravel": [
		{
			"outputmaterial": "game:clay-blue",
			"outputquantity": 4,
			"odds": 50,
			"type": "PARTIAL",
			"machinename": "washplant"
		},
		{
			"outputmaterial": "game:clay-fire",
			"outputquantity": 4,
			"odds": 25,
			"type": "PARTIAL",
			"machinename": "washplant"
		},
		{
			"outputmaterial": "game:nugget-gold",
			"outputquantity": 1,
			"odds": 0.1,
			"type": "PARTIAL",
			"machinename": "washplant"
		},
		{
			"outputmaterial": "game:nugget-silver",
			"outputquantity": 1,
			"odds": 0.1,
			"type": "PARTIAL",
			"machinename": "washplant"
		}
	],
	"game:metal-scraps": [
		{
			"outputmaterial": "game:ingot-iron",
			"outputquantity": 1,
			"odds": 10,
			"type": "DIRECT"
		}
	],
	"metalplate": [
		{
			"outputmaterial": "metalsheet",
			"outputquantity": 1,
			"odds": 100,
			"type": "SWAP",
			"machinename": "sheetroller",
			"suffix": "-down"
		}
	],
	"ingot": [
		{
			"outputmaterial": "rod",
			"outputquantity": 5,
			"odds": 100,
			"type": "SWAP",
			"machinename": "lathe",
			"stripingredientheader": true
		},
		{
			"outputmaterial": "metalbit",
			"outputquantity": 5,
			"odds": 100,
			"type": "SWAP",
			"machinename": "lathe",
			
		}
	]

}