{
	"code": "industrialchannel",
	"creativeinventory": {
		"qptech-parts": [ "*" ]
	},
	"drawtype": "json",
	"shape": { "base": "item/part/metalchannel" },
	"maxstacksize": 64,
	"variantgroups": [
		{
			"code": "material",
			"states": [ "rubber" ]
		}
	],
	"attributes": {
		"groundStorageTransform": {
			"translation": {
				"x": 0.085,
				"y": 0,
				"z": -0.085
			},
			"rotation": {
				"x": 0,
				"y": 45,
				"z": 0
			},
			"origin": {
				"x": 0.5,
				"y": 0,
				"z": 0.5
			},
			"scale": 0.7
		}
	},
		"behaviors": [
		{
			"name": "GroundStorable",
			"properties": {
				"layout": "Quadrants",
				"collisionBox": {
					"x1": 0,
					"y1": 0,
					"z1": 0,
					"x2": 1,
					"y2": 0.00625,
					"z2": 1
				}
			}
		}
	],
	"textures": {
		"metal": { "base": "game:block/rubber/cable" }
	},
	"guiTransform": {
		"translation": {
			"x": 0,
			"y": 0,
			"z": 0
		},
		"rotation": {
			"x": -76,
			"y": 62,
			"z": -26
		},
		"origin": {
			"x": 0.3,
			"y": -0.5,
			"z": 0.5
		},
		"scale": 1.58
	},
	"fpHandTransform": {
		"rotation": {
			"x": 63,
			"y": 16,
			"z": -30
		},
		"scale": 1.88
	},
	"tpHandTransform": {
		"translation": {
			"x": -1.25,
			"y": -0.25,
			"z": -1.1
		},
		"rotation": {
			"x": -12,
			"y": -86,
			"z": 14
		},
		"scale": 0.64
	},
	"groundTransform": {
		"translation": {
			"x": 0,
			"y": -0.375,
			"z": 0
		},
		"rotation": {
			"x": 180,
			"y": 0,
			"z": 0
		},
		"origin": {
			"x": 0.5,
			"y": 0.5,
			"z": 0.5299
		},
		"scale": 3.85
	}

}