{
	"editor": {
		"allAngles": false,
		"entityTextureMode": false
	},
	"textureWidth": 16,
	"textureHeight": 16,
	"textureSizes": {
	},
	"textures": {
		"darkiron": "block/metal/darkiron",
		"metal/bluepaintedwornsteelplate": "block/metal/bluepaintedwornsteelplate",
		"chevrons": "block/chevrons"
	},
	"elements": [
		{
			"name": "Robot.10",
			"from": [ 0.3265, 0.8834, 6.3916 ], 
			"to": [ 3.0714, 2.1012, 9.1364 ], 
			"rotationOrigin": [ 1.699, 1.4923, 7.764 ],
			"faces": {
				"north": { "texture": "#metal/bluepaintedwornsteelplate", "uv": [ 0.0, 0.0, 16.0, 16.0 ] },
				"east": { "texture": "#metal/bluepaintedwornsteelplate", "uv": [ 0.0, 0.0, 16.0, 16.0 ] },
				"south": { "texture": "#metal/bluepaintedwornsteelplate", "uv": [ 0.0, 0.0, 16.0, 16.0 ] },
				"west": { "texture": "#metal/bluepaintedwornsteelplate", "uv": [ 0.0, 0.0, 16.0, 16.0 ] },
				"up": { "texture": "#metal/bluepaintedwornsteelplate", "uv": [ 0.0, 0.0, 16.0, 16.0 ] },
				"down": { "texture": "#metal/bluepaintedwornsteelplate", "uv": [ 0.0, 0.0, 16.0, 16.0 ] }
			},
			"children": [
				{
					"name": "Waist1",
					"from": [ 1.0674, 0.8681, 1.0674 ], 
					"to": [ 1.6775, 14.8681, 1.6775 ], 
					"rotationOrigin": [ 1.3724, 1.8268, 1.3724 ],
					"faces": {
						"north": { "texture": "#metal/bluepaintedwornsteelplate", "uv": [ 0.0, 0.0, 16.0, 16.0 ] },
						"east": { "texture": "#metal/bluepaintedwornsteelplate", "uv": [ 0.0, 0.0, 16.0, 16.0 ] },
						"south": { "texture": "#metal/bluepaintedwornsteelplate", "uv": [ 0.0, 0.0, 16.0, 16.0 ] },
						"west": { "texture": "#metal/bluepaintedwornsteelplate", "uv": [ 0.0, 0.0, 16.0, 16.0 ] },
						"up": { "texture": "#metal/bluepaintedwornsteelplate", "uv": [ 0.0, 0.0, 16.0, 16.0 ] },
						"down": { "texture": "#metal/bluepaintedwornsteelplate", "uv": [ 0.0, 0.0, 16.0, 16.0 ] }
					},
					"children": [
						{
							"name": "Shoulder2",
							"from": [ -2.308, 7.4135, -0.4656 ], 
							"to": [ 2.9181, 9.9218, 1.0757 ], 
							"rotationOrigin": [ 0.305, 8.6676, 0.305 ],
							"rotationY": -206.488058,
							"faces": {
								"north": { "texture": "#metal/bluepaintedwornsteelplate", "uv": [ 0.0, 0.0, 16.0, 16.0 ] },
								"east": { "texture": "#metal/bluepaintedwornsteelplate", "uv": [ 0.0, 0.0, 16.0, 16.0 ] },
								"south": { "texture": "#metal/bluepaintedwornsteelplate", "uv": [ 0.0, 0.0, 16.0, 16.0 ] },
								"west": { "texture": "#metal/bluepaintedwornsteelplate", "uv": [ 0.0, 0.0, 16.0, 16.0 ] },
								"up": { "texture": "#metal/bluepaintedwornsteelplate", "uv": [ 0.0, 0.0, 16.0, 16.0 ] },
								"down": { "texture": "#metal/bluepaintedwornsteelplate", "uv": [ 0.0, 0.0, 16.0, 16.0 ] }
							},
							"children": [
								{
									"name": "Arm3",
									"from": [ -3.4978, 1.32, 0.3741 ], 
									"to": [ 0.7529, 2.1839, 1.1673 ], 
									"rotationOrigin": [ 0.524, 1.752, 0.7707 ],
									"faces": {
										"north": { "texture": "#metal/bluepaintedwornsteelplate", "uv": [ 0.0, 0.0, 16.0, 16.0 ] },
										"east": { "texture": "#metal/bluepaintedwornsteelplate", "uv": [ 0.0, 0.0, 16.0, 16.0 ] },
										"south": { "texture": "#metal/bluepaintedwornsteelplate", "uv": [ 0.0, 0.0, 16.0, 16.0 ] },
										"west": { "texture": "#metal/bluepaintedwornsteelplate", "uv": [ 0.0, 0.0, 16.0, 16.0 ] },
										"up": { "texture": "#metal/bluepaintedwornsteelplate", "uv": [ 0.0, 0.0, 16.0, 16.0 ] },
										"down": { "texture": "#metal/bluepaintedwornsteelplate", "uv": [ 0.0, 0.0, 16.0, 16.0 ] }
									},
									"children": [
										{
											"name": "Wrist4",
											"from": [ -0.4, -0.0977, -0.0897 ], 
											"to": [ 0.3173, 0.9616, 0.883 ], 
											"rotationOrigin": [ 0.2778, 0.432, 0.3966 ],
											"rotationZ": -1.0E-6,
											"faces": {
												"north": { "texture": "#metal/bluepaintedwornsteelplate", "uv": [ 0.0, 0.0, 0.5, 1.0 ] },
												"east": { "texture": "#metal/bluepaintedwornsteelplate", "uv": [ 0.0, 0.0, 0.5, 1.0 ] },
												"south": { "texture": "#metal/bluepaintedwornsteelplate", "uv": [ 0.0, 0.0, 0.5, 1.0 ] },
												"west": { "texture": "#metal/bluepaintedwornsteelplate", "uv": [ 0.0, 0.0, 0.5, 1.0 ] },
												"up": { "texture": "#metal/bluepaintedwornsteelplate", "uv": [ 0.0, 0.0, 0.5, 0.5 ] },
												"down": { "texture": "#metal/bluepaintedwornsteelplate", "uv": [ 0.0, 0.0, 0.5, 0.5 ] }
											},
											"children": [
												{
													"name": "Claw5",
													"from": [ -1.0411, 0.1179, 0.1318 ], 
													"to": [ -0.3239, 0.3469, 0.8408 ], 
													"rotationOrigin": [ -0.3625, 0.2324, 0.4863 ],
													"faces": {
														"north": { "texture": "#metal/bluepaintedwornsteelplate", "uv": [ 0.0, 0.0, 16.0, 16.0 ] },
														"east": { "texture": "#metal/bluepaintedwornsteelplate", "uv": [ 0.0, 0.0, 16.0, 16.0 ] },
														"south": { "texture": "#metal/bluepaintedwornsteelplate", "uv": [ 0.0, 0.0, 16.0, 16.0 ] },
														"west": { "texture": "#metal/bluepaintedwornsteelplate", "uv": [ 0.0, 0.0, 16.0, 16.0 ] },
														"up": { "texture": "#metal/bluepaintedwornsteelplate", "uv": [ 0.0, 0.0, 16.0, 16.0 ] },
														"down": { "texture": "#metal/bluepaintedwornsteelplate", "uv": [ 0.0, 0.0, 16.0, 16.0 ] }
													}
												},
												{
													"name": "Claw6",
													"from": [ -1.0411, 0.7158, 0.1318 ], 
													"to": [ -0.3239, 0.9449, 0.8408 ], 
													"rotationOrigin": [ -0.3625, 0.8304, 0.4863 ],
													"faces": {
														"north": { "texture": "#metal/bluepaintedwornsteelplate", "uv": [ 0.0, 0.0, 16.0, 16.0 ] },
														"east": { "texture": "#metal/bluepaintedwornsteelplate", "uv": [ 0.0, 0.0, 16.0, 16.0 ] },
														"south": { "texture": "#metal/bluepaintedwornsteelplate", "uv": [ 0.0, 0.0, 16.0, 16.0 ] },
														"west": { "texture": "#metal/bluepaintedwornsteelplate", "uv": [ 0.0, 0.0, 16.0, 16.0 ] },
														"up": { "texture": "#metal/bluepaintedwornsteelplate", "uv": [ 0.0, 0.0, 16.0, 16.0 ] },
														"down": { "texture": "#metal/bluepaintedwornsteelplate", "uv": [ 0.0, 0.0, 16.0, 16.0 ] }
													}
												}
											]
										}
									]
								}
							]
						}
					]
				}
			]
		},
		{
			"name": "base.67",
			"from": [ 0.4536, 0.979, 0.4939 ], 
			"to": [ 1.4536, 16.1047, 1.4939 ], 
			"rotationOrigin": [ 0.9536, 8.5418, 0.9939 ],
			"faces": {
				"north": { "texture": "#metal/bluepaintedwornsteelplate", "uv": [ 0.0, 0.0, 16.0, 16.0 ] },
				"east": { "texture": "#metal/bluepaintedwornsteelplate", "uv": [ 0.0, 0.0, 16.0, 16.0 ] },
				"south": { "texture": "#metal/bluepaintedwornsteelplate", "uv": [ 0.0, 0.0, 16.0, 16.0 ] },
				"west": { "texture": "#metal/bluepaintedwornsteelplate", "uv": [ 0.0, 0.0, 16.0, 16.0 ] },
				"up": { "texture": "#metal/bluepaintedwornsteelplate", "uv": [ 0.0, 0.0, 16.0, 16.0 ] },
				"down": { "texture": "#metal/bluepaintedwornsteelplate", "uv": [ 0.0, 0.0, 16.0, 16.0 ] }
			}
		},
		{
			"name": "base.58",
			"from": [ 14.4692, 0.979, 14.6146 ], 
			"to": [ 15.4692, 16.1047, 15.6146 ], 
			"rotationOrigin": [ 14.9692, 8.5418, 15.1146 ],
			"faces": {
				"north": { "texture": "#metal/bluepaintedwornsteelplate", "uv": [ 0.0, 0.0, 16.0, 16.0 ] },
				"east": { "texture": "#metal/bluepaintedwornsteelplate", "uv": [ 0.0, 0.0, 16.0, 16.0 ] },
				"south": { "texture": "#metal/bluepaintedwornsteelplate", "uv": [ 0.0, 0.0, 16.0, 16.0 ] },
				"west": { "texture": "#metal/bluepaintedwornsteelplate", "uv": [ 0.0, 0.0, 16.0, 16.0 ] },
				"up": { "texture": "#metal/bluepaintedwornsteelplate", "uv": [ 0.0, 0.0, 16.0, 16.0 ] },
				"down": { "texture": "#metal/bluepaintedwornsteelplate", "uv": [ 0.0, 0.0, 16.0, 16.0 ] }
			}
		},
		{
			"name": "base.49",
			"from": [ 0.5537, 0.979, 14.6146 ], 
			"to": [ 1.5537, 16.1047, 15.6146 ], 
			"rotationOrigin": [ 1.0537, 8.5418, 15.1146 ],
			"faces": {
				"north": { "texture": "#metal/bluepaintedwornsteelplate", "uv": [ 0.0, 0.0, 16.0, 16.0 ] },
				"east": { "texture": "#metal/bluepaintedwornsteelplate", "uv": [ 0.0, 0.0, 16.0, 16.0 ] },
				"south": { "texture": "#metal/bluepaintedwornsteelplate", "uv": [ 0.0, 0.0, 16.0, 16.0 ] },
				"west": { "texture": "#metal/bluepaintedwornsteelplate", "uv": [ 0.0, 0.0, 16.0, 16.0 ] },
				"up": { "texture": "#metal/bluepaintedwornsteelplate", "uv": [ 0.0, 0.0, 16.0, 16.0 ] },
				"down": { "texture": "#metal/bluepaintedwornsteelplate", "uv": [ 0.0, 0.0, 16.0, 16.0 ] }
			}
		},
		{
			"name": "base.310",
			"from": [ 14.5764, 0.979, 0.5149 ], 
			"to": [ 15.5764, 16.1047, 1.5149 ], 
			"rotationOrigin": [ 15.0764, 8.5418, 1.0149 ],
			"faces": {
				"north": { "texture": "#metal/bluepaintedwornsteelplate", "uv": [ 0.0, 0.0, 16.0, 16.0 ] },
				"east": { "texture": "#metal/bluepaintedwornsteelplate", "uv": [ 0.0, 0.0, 16.0, 16.0 ] },
				"south": { "texture": "#metal/bluepaintedwornsteelplate", "uv": [ 0.0, 0.0, 16.0, 16.0 ] },
				"west": { "texture": "#metal/bluepaintedwornsteelplate", "uv": [ 0.0, 0.0, 16.0, 16.0 ] },
				"up": { "texture": "#metal/bluepaintedwornsteelplate", "uv": [ 0.0, 0.0, 16.0, 16.0 ] },
				"down": { "texture": "#metal/bluepaintedwornsteelplate", "uv": [ 0.0, 0.0, 16.0, 16.0 ] }
			}
		},
		{
			"name": "base.211",
			"from": [ 0.0, 15.0, 0.0 ], 
			"to": [ 16.0, 16.0, 16.0 ], 
			"rotationOrigin": [ 8.0, 15.5, 8.0 ],
			"faces": {
				"north": { "texture": "#darkiron", "uv": [ 0.0, 0.0, 16.0, 16.0 ] },
				"east": { "texture": "#darkiron", "uv": [ 0.0, 0.0, 16.0, 16.0 ] },
				"south": { "texture": "#darkiron", "uv": [ 0.0, 0.0, 16.0, 16.0 ] },
				"west": { "texture": "#darkiron", "uv": [ 0.0, 0.0, 16.0, 16.0 ] },
				"up": { "texture": "#darkiron", "uv": [ 0.0, 0.0, 16.0, 16.0 ] },
				"down": { "texture": "#darkiron", "uv": [ 0.0, 0.0, 16.0, 16.0 ] }
			}
		},
		{
			"name": "base.112",
			"from": [ 3.416, 0.9697, 3.416 ], 
			"to": [ 12.584, 1.2203, 12.584 ], 
			"rotationOrigin": [ 8.0, 1.095, 8.0 ],
			"faces": {
				"north": { "texture": "#chevrons", "uv": [ 0.0, 0.0, 16.0, 16.0 ] },
				"east": { "texture": "#chevrons", "uv": [ 0.0, 0.0, 16.0, 16.0 ] },
				"south": { "texture": "#chevrons", "uv": [ 0.0, 0.0, 16.0, 16.0 ] },
				"west": { "texture": "#chevrons", "uv": [ 0.0, 0.0, 16.0, 16.0 ] },
				"up": { "texture": "#chevrons", "uv": [ 0.0, 0.0, 16.0, 16.0 ] },
				"down": { "texture": "#chevrons", "uv": [ 0.0, 0.0, 16.0, 16.0 ] }
			}
		},
		{
			"name": "base13",
			"from": [ 0.0, 0.0, 0.0 ], 
			"to": [ 16.0, 1.0, 16.0 ], 
			"rotationOrigin": [ 8.0, 0.5, 8.0 ],
			"faces": {
				"north": { "texture": "#darkiron", "uv": [ 0.0, 0.0, 16.0, 16.0 ] },
				"east": { "texture": "#darkiron", "uv": [ 0.0, 0.0, 16.0, 16.0 ] },
				"south": { "texture": "#darkiron", "uv": [ 0.0, 0.0, 16.0, 16.0 ] },
				"west": { "texture": "#darkiron", "uv": [ 0.0, 0.0, 16.0, 16.0 ] },
				"up": { "texture": "#darkiron", "uv": [ 0.0, 0.0, 16.0, 16.0 ] },
				"down": { "texture": "#darkiron", "uv": [ 0.0, 0.0, 16.0, 16.0 ] }
			}
		},
		{
			"name": "Robot14",
			"from": [ 12.5871, 0.8834, 6.3916 ], 
			"to": [ 15.332, 2.1012, 9.1364 ], 
			"rotationOrigin": [ 13.9596, 1.4923, 7.764 ],
			"faces": {
				"north": { "texture": "#metal/bluepaintedwornsteelplate", "uv": [ 0.0, 0.0, 16.0, 16.0 ] },
				"east": { "texture": "#metal/bluepaintedwornsteelplate", "uv": [ 0.0, 0.0, 16.0, 16.0 ] },
				"south": { "texture": "#metal/bluepaintedwornsteelplate", "uv": [ 0.0, 0.0, 16.0, 16.0 ] },
				"west": { "texture": "#metal/bluepaintedwornsteelplate", "uv": [ 0.0, 0.0, 16.0, 16.0 ] },
				"up": { "texture": "#metal/bluepaintedwornsteelplate", "uv": [ 0.0, 0.0, 16.0, 16.0 ] },
				"down": { "texture": "#metal/bluepaintedwornsteelplate", "uv": [ 0.0, 0.0, 16.0, 16.0 ] }
			},
			"children": [
				{
					"name": "Waist15",
					"from": [ 1.0674, 0.8681, 1.0674 ], 
					"to": [ 1.6775, 14.8681, 1.6775 ], 
					"rotationOrigin": [ 1.3724, 1.8268, 1.3724 ],
					"faces": {
						"north": { "texture": "#metal/bluepaintedwornsteelplate", "uv": [ 0.0, 0.0, 16.0, 16.0 ] },
						"east": { "texture": "#metal/bluepaintedwornsteelplate", "uv": [ 0.0, 0.0, 16.0, 16.0 ] },
						"south": { "texture": "#metal/bluepaintedwornsteelplate", "uv": [ 0.0, 0.0, 16.0, 16.0 ] },
						"west": { "texture": "#metal/bluepaintedwornsteelplate", "uv": [ 0.0, 0.0, 16.0, 16.0 ] },
						"up": { "texture": "#metal/bluepaintedwornsteelplate", "uv": [ 0.0, 0.0, 16.0, 16.0 ] },
						"down": { "texture": "#metal/bluepaintedwornsteelplate", "uv": [ 0.0, 0.0, 16.0, 16.0 ] }
					},
					"children": [
						{
							"name": "Shoulder16",
							"from": [ -2.308, 2.34, -0.4656 ], 
							"to": [ 2.9181, 4.8483, 1.0757 ], 
							"rotationOrigin": [ 0.305, 3.5965, 0.305 ],
							"rotationY": -38.97429,
							"faces": {
								"north": { "texture": "#metal/bluepaintedwornsteelplate", "uv": [ 0.0, 0.0, 5.0, 2.5 ] },
								"east": { "texture": "#metal/bluepaintedwornsteelplate", "uv": [ 0.0, 0.0, 1.5, 2.5 ] },
								"south": { "texture": "#metal/bluepaintedwornsteelplate", "uv": [ 0.0, 0.0, 5.0, 2.5 ] },
								"west": { "texture": "#metal/bluepaintedwornsteelplate", "uv": [ 0.0, 0.0, 1.5, 2.5 ] },
								"up": { "texture": "#metal/bluepaintedwornsteelplate", "uv": [ 0.0, 0.0, 5.0, 1.5 ] },
								"down": { "texture": "#metal/bluepaintedwornsteelplate", "uv": [ 0.0, 0.0, 5.0, 1.5 ] }
							},
							"children": [
								{
									"name": "Arm17",
									"from": [ -3.4978, 1.32, 0.3741 ], 
									"to": [ 0.7529, 2.1839, 1.1673 ], 
									"rotationOrigin": [ 0.524, 1.752, 0.7707 ],
									"faces": {
										"north": { "texture": "#metal/bluepaintedwornsteelplate", "uv": [ 0.0, 0.0, 16.0, 16.0 ] },
										"east": { "texture": "#metal/bluepaintedwornsteelplate", "uv": [ 0.0, 0.0, 16.0, 16.0 ] },
										"south": { "texture": "#metal/bluepaintedwornsteelplate", "uv": [ 0.0, 0.0, 16.0, 16.0 ] },
										"west": { "texture": "#metal/bluepaintedwornsteelplate", "uv": [ 0.0, 0.0, 16.0, 16.0 ] },
										"up": { "texture": "#metal/bluepaintedwornsteelplate", "uv": [ 0.0, 0.0, 16.0, 16.0 ] },
										"down": { "texture": "#metal/bluepaintedwornsteelplate", "uv": [ 0.0, 0.0, 16.0, 16.0 ] }
									},
									"children": [
										{
											"name": "Wrist18",
											"from": [ -0.4, -0.0977, -0.0897 ], 
											"to": [ 0.3173, 0.9616, 0.883 ], 
											"rotationOrigin": [ 0.2778, 0.432, 0.3966 ],
											"rotationZ": -1.0E-6,
											"faces": {
												"north": { "texture": "#metal/bluepaintedwornsteelplate", "uv": [ 0.0, 0.0, 0.5, 1.0 ] },
												"east": { "texture": "#metal/bluepaintedwornsteelplate", "uv": [ 0.0, 0.0, 0.5, 1.0 ] },
												"south": { "texture": "#metal/bluepaintedwornsteelplate", "uv": [ 0.0, 0.0, 0.5, 1.0 ] },
												"west": { "texture": "#metal/bluepaintedwornsteelplate", "uv": [ 0.0, 0.0, 0.5, 1.0 ] },
												"up": { "texture": "#metal/bluepaintedwornsteelplate", "uv": [ 0.0, 0.0, 0.5, 0.5 ] },
												"down": { "texture": "#metal/bluepaintedwornsteelplate", "uv": [ 0.0, 0.0, 0.5, 0.5 ] }
											},
											"children": [
												{
													"name": "Claw19",
													"from": [ -1.04, 0.12, 0.1318 ], 
													"to": [ -0.3227, 0.3491, 0.8408 ], 
													"rotationOrigin": [ -0.3625, 0.2324, 0.4863 ],
													"faces": {
														"north": { "texture": "#metal/bluepaintedwornsteelplate", "uv": [ 0.0, 0.0, 0.5, 0.5 ] },
														"east": { "texture": "#metal/bluepaintedwornsteelplate", "uv": [ 0.0, 0.0, 0.5, 0.5 ] },
														"south": { "texture": "#metal/bluepaintedwornsteelplate", "uv": [ 0.0, 0.0, 0.5, 0.5 ] },
														"west": { "texture": "#metal/bluepaintedwornsteelplate", "uv": [ 0.0, 0.0, 0.5, 0.5 ] },
														"up": { "texture": "#metal/bluepaintedwornsteelplate", "uv": [ 0.0, 0.0, 0.5, 0.5 ] },
														"down": { "texture": "#metal/bluepaintedwornsteelplate", "uv": [ 0.0, 0.0, 0.5, 0.5 ] }
													}
												},
												{
													"name": "Claw20",
													"from": [ -1.0411, 0.7158, 0.1318 ], 
													"to": [ -0.3239, 0.9449, 0.8408 ], 
													"rotationOrigin": [ -0.3625, 0.8304, 0.4863 ],
													"faces": {
														"north": { "texture": "#metal/bluepaintedwornsteelplate", "uv": [ 0.0, 0.0, 16.0, 16.0 ] },
														"east": { "texture": "#metal/bluepaintedwornsteelplate", "uv": [ 0.0, 0.0, 16.0, 16.0 ] },
														"south": { "texture": "#metal/bluepaintedwornsteelplate", "uv": [ 0.0, 0.0, 16.0, 16.0 ] },
														"west": { "texture": "#metal/bluepaintedwornsteelplate", "uv": [ 0.0, 0.0, 16.0, 16.0 ] },
														"up": { "texture": "#metal/bluepaintedwornsteelplate", "uv": [ 0.0, 0.0, 16.0, 16.0 ] },
														"down": { "texture": "#metal/bluepaintedwornsteelplate", "uv": [ 0.0, 0.0, 16.0, 16.0 ] }
													}
												}
											]
										}
									]
								}
							]
						}
					]
				}
			]
		}
	]}