{
	"editor": {
		"allAngles": false,
		"entityTextureMode": false
	},
	"textureWidth": 16,
	"textureHeight": 16,
	"textureSizes": {
	},
	"textures": {
		"temporalsteel": "item/resource/temporalsteel",
		"metal/bluepaintedwornsteelplate": "block/metal/bluepaintedwornsteelplate",
		"copperspool": "block/copperspool",
		"darksteelsheet": "block/metal/darksteelsheet",
		"lightblock": "block/lightblock"
	},
	"elements": [
		{
			"name": "ScannerTable0",
			"from": [ 3.7874, 5.3709, 3.7874 ], 
			"to": [ 12.2126, 6.0399, 12.2126 ], 
			"rotationOrigin": [ 8.0, 5.7054, 8.0 ],
			"faces": {
				"north": { "texture": "#temporalsteel", "uv": [ 0.0, 0.0, 16.0, 16.0 ] },
				"east": { "texture": "#temporalsteel", "uv": [ 0.0, 0.0, 16.0, 16.0 ] },
				"south": { "texture": "#temporalsteel", "uv": [ 0.0, 0.0, 16.0, 16.0 ] },
				"west": { "texture": "#temporalsteel", "uv": [ 0.0, 0.0, 16.0, 16.0 ] },
				"up": { "texture": "#temporalsteel", "uv": [ 0.0, 0.0, 16.0, 16.0 ] },
				"down": { "texture": "#temporalsteel", "uv": [ 0.0, 0.0, 16.0, 16.0 ] }
			},
			"children": [
				{
					"name": "Cube1",
					"from": [ 1.9328, -2.134, 3.7183 ], 
					"to": [ 6.4925, -1.3982, 4.707 ], 
					"rotationOrigin": [ 4.2126, -1.7661, 4.2126 ],
					"rotationZ": -90.000032,
					"faces": {
						"north": { "texture": "#metal/bluepaintedwornsteelplate", "uv": [ 0.0, 0.0, 16.0, 16.0 ] },
						"east": { "texture": "#metal/bluepaintedwornsteelplate", "uv": [ 0.0, 0.0, 16.0, 16.0 ] },
						"south": { "texture": "#metal/bluepaintedwornsteelplate", "uv": [ 0.0, 0.0, 16.0, 16.0 ] },
						"west": { "texture": "#metal/bluepaintedwornsteelplate", "uv": [ 0.0, 0.0, 16.0, 16.0 ] },
						"up": { "texture": "#metal/bluepaintedwornsteelplate", "uv": [ 0.0, 0.0, 16.0, 16.0 ] },
						"down": { "texture": "#metal/bluepaintedwornsteelplate", "uv": [ 0.0, 0.0, 16.0, 16.0 ] }
					}
				}
			]
		},
		{
			"name": "ScannerArm2",
			"from": [ 8.0, 1.2789, 8.0 ], 
			"to": [ 8.0, 1.2789, 8.0 ], 
			"rotationOrigin": [ 8.0, 1.2789, 8.0 ],
			"faces": {
				"north": { "texture": "#", "uv": [ 0.0, 0.0, 16.0, 16.0 ], "enabled": false },
				"east": { "texture": "#", "uv": [ 0.0, 0.0, 16.0, 16.0 ], "enabled": false },
				"south": { "texture": "#", "uv": [ 0.0, 0.0, 16.0, 16.0 ], "enabled": false },
				"west": { "texture": "#", "uv": [ 0.0, 0.0, 16.0, 16.0 ], "enabled": false },
				"up": { "texture": "#", "uv": [ 0.0, 0.0, 16.0, 16.0 ], "enabled": false },
				"down": { "texture": "#", "uv": [ 0.0, 0.0, 16.0, 16.0 ], "enabled": false }
			},
			"children": [
				{
					"name": "Cube.93",
					"from": [ 1.268, 10.7159, -0.5695 ], 
					"to": [ 2.7158, 16.8019, 0.5695 ], 
					"rotationOrigin": [ 1.9919, 13.7589, 0.0 ],
					"rotationZ": -90.000032,
					"faces": {
						"north": { "texture": "#darksteelsheet", "uv": [ 0.0, 0.0, 16.0, 16.0 ] },
						"east": { "texture": "#darksteelsheet", "uv": [ 0.0, 0.0, 16.0, 16.0 ] },
						"south": { "texture": "#darksteelsheet", "uv": [ 0.0, 0.0, 16.0, 16.0 ] },
						"west": { "texture": "#darksteelsheet", "uv": [ 0.0, 0.0, 16.0, 16.0 ] },
						"up": { "texture": "#darksteelsheet", "uv": [ 0.0, 0.0, 16.0, 16.0 ] },
						"down": { "texture": "#darksteelsheet", "uv": [ 0.0, 0.0, 16.0, 16.0 ] }
					}
				},
				{
					"name": "Cube.74",
					"from": [ 5.1395, 10.8507, -0.5695 ], 
					"to": [ 6.9093, 14.6099, 0.5695 ], 
					"rotationOrigin": [ 6.0244, 12.7303, 0.0 ],
					"rotationZ": 55.77702,
					"faces": {
						"north": { "texture": "#darksteelsheet", "uv": [ 0.0, 0.0, 16.0, 16.0 ] },
						"east": { "texture": "#darksteelsheet", "uv": [ 0.0, 0.0, 16.0, 16.0 ] },
						"south": { "texture": "#darksteelsheet", "uv": [ 0.0, 0.0, 16.0, 16.0 ] },
						"west": { "texture": "#darksteelsheet", "uv": [ 0.0, 0.0, 16.0, 16.0 ] },
						"up": { "texture": "#darksteelsheet", "uv": [ 0.0, 0.0, 16.0, 16.0 ] },
						"down": { "texture": "#darksteelsheet", "uv": [ 0.0, 0.0, 16.0, 16.0 ] }
					}
				},
				{
					"name": "Cube.65",
					"from": [ 1.268, -1.564, -0.8252 ], 
					"to": [ 2.7158, 4.5221, 0.8252 ], 
					"rotationOrigin": [ 1.9919, 1.4791, 0.0 ],
					"rotationZ": -90.000032,
					"faces": {
						"north": { "texture": "#darksteelsheet", "uv": [ 0.0, 0.0, 16.0, 16.0 ] },
						"east": { "texture": "#darksteelsheet", "uv": [ 0.0, 0.0, 16.0, 16.0 ] },
						"south": { "texture": "#darksteelsheet", "uv": [ 0.0, 0.0, 16.0, 16.0 ] },
						"west": { "texture": "#darksteelsheet", "uv": [ 0.0, 0.0, 16.0, 16.0 ] },
						"up": { "texture": "#darksteelsheet", "uv": [ 0.0, 0.0, 16.0, 16.0 ] },
						"down": { "texture": "#darksteelsheet", "uv": [ 0.0, 0.0, 16.0, 16.0 ] }
					}
				},
				{
					"name": "Cube.46",
					"from": [ 5.1395, 0.6328, -0.5695 ], 
					"to": [ 6.9093, 4.3921, 0.5695 ], 
					"rotationOrigin": [ 6.0244, 2.5125, 0.0 ],
					"rotationZ": -55.777028,
					"faces": {
						"north": { "texture": "#darksteelsheet", "uv": [ 0.0, 0.0, 16.0, 16.0 ] },
						"east": { "texture": "#darksteelsheet", "uv": [ 0.0, 0.0, 16.0, 16.0 ] },
						"south": { "texture": "#darksteelsheet", "uv": [ 0.0, 0.0, 16.0, 16.0 ] },
						"west": { "texture": "#darksteelsheet", "uv": [ 0.0, 0.0, 16.0, 16.0 ] },
						"up": { "texture": "#darksteelsheet", "uv": [ 0.0, 0.0, 16.0, 16.0 ] },
						"down": { "texture": "#darksteelsheet", "uv": [ 0.0, 0.0, 16.0, 16.0 ] }
					}
				},
				{
					"name": "Cube.37",
					"from": [ 6.6236, 3.1868, -0.6352 ], 
					"to": [ 7.7627, 12.168, 0.6352 ], 
					"rotationOrigin": [ 7.1931, 7.6774, 0.0 ],
					"faces": {
						"north": { "texture": "#darksteelsheet", "uv": [ 0.0, 0.0, 16.0, 16.0 ] },
						"east": { "texture": "#darksteelsheet", "uv": [ 0.0, 0.0, 16.0, 16.0 ] },
						"south": { "texture": "#darksteelsheet", "uv": [ 0.0, 0.0, 16.0, 16.0 ] },
						"west": { "texture": "#darksteelsheet", "uv": [ 0.0, 0.0, 16.0, 16.0 ] },
						"up": { "texture": "#darksteelsheet", "uv": [ 0.0, 0.0, 16.0, 16.0 ] },
						"down": { "texture": "#darksteelsheet", "uv": [ 0.0, 0.0, 16.0, 16.0 ] }
					}
				},
				{
					"name": "Cube8",
					"from": [ 6.131, 7.2595, -0.2922 ], 
					"to": [ 6.655, 8.0953, 0.2922 ], 
					"rotationOrigin": [ 6.393, 7.6774, 0.0 ],
					"faces": {
						"north": { "texture": "#lightblock", "uv": [ 0.0, 0.0, 16.0, 16.0 ] },
						"east": { "texture": "#lightblock", "uv": [ 0.0, 0.0, 16.0, 16.0 ] },
						"south": { "texture": "#lightblock", "uv": [ 0.0, 0.0, 16.0, 16.0 ] },
						"west": { "texture": "#lightblock", "uv": [ 0.0, 0.0, 16.0, 16.0 ] },
						"up": { "texture": "#lightblock", "uv": [ 0.0, 0.0, 16.0, 16.0 ] },
						"down": { "texture": "#lightblock", "uv": [ 0.0, 0.0, 16.0, 16.0 ] }
					}
				},
				{
					"name": "Cube.19",
					"from": [ 6.131, 5.4455, -0.2922 ], 
					"to": [ 6.655, 6.2813, 0.2922 ], 
					"rotationOrigin": [ 6.393, 5.8634, 0.0 ],
					"faces": {
						"north": { "texture": "#lightblock", "uv": [ 0.0, 0.0, 16.0, 16.0 ] },
						"east": { "texture": "#lightblock", "uv": [ 0.0, 0.0, 16.0, 16.0 ] },
						"south": { "texture": "#lightblock", "uv": [ 0.0, 0.0, 16.0, 16.0 ] },
						"west": { "texture": "#lightblock", "uv": [ 0.0, 0.0, 16.0, 16.0 ] },
						"up": { "texture": "#lightblock", "uv": [ 0.0, 0.0, 16.0, 16.0 ] },
						"down": { "texture": "#lightblock", "uv": [ 0.0, 0.0, 16.0, 16.0 ] }
					}
				},
				{
					"name": "Cube.210",
					"from": [ 6.131, 9.1642, -0.2922 ], 
					"to": [ 6.655, 10.0, 0.2922 ], 
					"rotationOrigin": [ 6.393, 9.5821, 0.0 ],
					"faces": {
						"north": { "texture": "#lightblock", "uv": [ 0.0, 0.0, 16.0, 16.0 ] },
						"east": { "texture": "#lightblock", "uv": [ 0.0, 0.0, 16.0, 16.0 ] },
						"south": { "texture": "#lightblock", "uv": [ 0.0, 0.0, 16.0, 16.0 ] },
						"west": { "texture": "#lightblock", "uv": [ 0.0, 0.0, 16.0, 16.0 ] },
						"up": { "texture": "#lightblock", "uv": [ 0.0, 0.0, 16.0, 16.0 ] },
						"down": { "texture": "#lightblock", "uv": [ 0.0, 0.0, 16.0, 16.0 ] }
					}
				},
				{
					"name": "Cube.511",
					"from": [ 3.4388, 12.4065, -0.2922 ], 
					"to": [ 3.9628, 13.2423, 0.2922 ], 
					"rotationOrigin": [ 3.7008, 12.8244, 0.0 ],
					"rotationZ": -90.000032,
					"faces": {
						"north": { "texture": "#lightblock", "uv": [ 0.0, 0.0, 16.0, 16.0 ] },
						"east": { "texture": "#lightblock", "uv": [ 0.0, 0.0, 16.0, 16.0 ] },
						"south": { "texture": "#lightblock", "uv": [ 0.0, 0.0, 16.0, 16.0 ] },
						"west": { "texture": "#lightblock", "uv": [ 0.0, 0.0, 16.0, 16.0 ] },
						"up": { "texture": "#lightblock", "uv": [ 0.0, 0.0, 16.0, 16.0 ] },
						"down": { "texture": "#lightblock", "uv": [ 0.0, 0.0, 16.0, 16.0 ] }
					}
				},
				{
					"name": "Cube.812",
					"from": [ 1.4424, 12.4065, -0.2922 ], 
					"to": [ 1.9664, 13.2423, 0.2922 ], 
					"rotationOrigin": [ 1.7044, 12.8244, 0.0 ],
					"rotationZ": -90.000032,
					"faces": {
						"north": { "texture": "#lightblock", "uv": [ 0.0, 0.0, 16.0, 16.0 ] },
						"east": { "texture": "#lightblock", "uv": [ 0.0, 0.0, 16.0, 16.0 ] },
						"south": { "texture": "#lightblock", "uv": [ 0.0, 0.0, 16.0, 16.0 ] },
						"west": { "texture": "#lightblock", "uv": [ 0.0, 0.0, 16.0, 16.0 ] },
						"up": { "texture": "#lightblock", "uv": [ 0.0, 0.0, 16.0, 16.0 ] },
						"down": { "texture": "#lightblock", "uv": [ 0.0, 0.0, 16.0, 16.0 ] }
					}
				},
				{
					"name": "Cube.1013",
					"from": [ -0.5141, 12.4065, -0.2922 ], 
					"to": [ 0.0098, 13.2423, 0.2922 ], 
					"rotationOrigin": [ -0.2521, 12.8244, 0.0 ],
					"rotationZ": -90.000032,
					"faces": {
						"north": { "texture": "#lightblock", "uv": [ 0.0, 0.0, 16.0, 16.0 ] },
						"east": { "texture": "#lightblock", "uv": [ 0.0, 0.0, 16.0, 16.0 ] },
						"south": { "texture": "#lightblock", "uv": [ 0.0, 0.0, 16.0, 16.0 ] },
						"west": { "texture": "#lightblock", "uv": [ 0.0, 0.0, 16.0, 16.0 ] },
						"up": { "texture": "#lightblock", "uv": [ 0.0, 0.0, 16.0, 16.0 ] },
						"down": { "texture": "#lightblock", "uv": [ 0.0, 0.0, 16.0, 16.0 ] }
					}
				},
				{
					"name": "wire14",
					"from": [ 1.869, 11.9267, 0.5532 ], 
					"to": [ 2.1148, 15.5911, 0.7997 ], 
					"rotationOrigin": [ 1.9919, 13.7589, 0.6765 ],
					"rotationZ": -90.000032,
					"faces": {
						"north": { "texture": "#copperspool", "uv": [ 0.0, 0.0, 16.0, 16.0 ] },
						"east": { "texture": "#copperspool", "uv": [ 0.0, 0.0, 16.0, 16.0 ] },
						"south": { "texture": "#copperspool", "uv": [ 0.0, 0.0, 16.0, 16.0 ] },
						"west": { "texture": "#copperspool", "uv": [ 0.0, 0.0, 16.0, 16.0 ] },
						"up": { "texture": "#copperspool", "uv": [ 0.0, 0.0, 16.0, 16.0 ] },
						"down": { "texture": "#copperspool", "uv": [ 0.0, 0.0, 16.0, 16.0 ] }
					}
				},
				{
					"name": "wire.115",
					"from": [ 5.1545, 11.0174, 0.5532 ], 
					"to": [ 5.4004, 14.6817, 0.7997 ], 
					"rotationOrigin": [ 5.2774, 12.8496, 0.6765 ],
					"rotationZ": -121.402933,
					"faces": {
						"north": { "texture": "#copperspool", "uv": [ 0.0, 0.0, 16.0, 16.0 ] },
						"east": { "texture": "#copperspool", "uv": [ 0.0, 0.0, 16.0, 16.0 ] },
						"south": { "texture": "#copperspool", "uv": [ 0.0, 0.0, 16.0, 16.0 ] },
						"west": { "texture": "#copperspool", "uv": [ 0.0, 0.0, 16.0, 16.0 ] },
						"up": { "texture": "#copperspool", "uv": [ 0.0, 0.0, 16.0, 16.0 ] },
						"down": { "texture": "#copperspool", "uv": [ 0.0, 0.0, 16.0, 16.0 ] }
					}
				},
				{
					"name": "wire.216",
					"from": [ 6.8371, 8.7725, 0.576 ], 
					"to": [ 7.0596, 12.0196, 0.8225 ], 
					"rotationOrigin": [ 6.9484, 10.396, 0.6993 ],
					"rotationX": -0.10975,
					"rotationY": -0.30556,
					"rotationZ": -173.922962,
					"faces": {
						"north": { "texture": "#copperspool", "uv": [ 0.0, 0.0, 16.0, 16.0 ] },
						"east": { "texture": "#copperspool", "uv": [ 0.0, 0.0, 16.0, 16.0 ] },
						"south": { "texture": "#copperspool", "uv": [ 0.0, 0.0, 16.0, 16.0 ] },
						"west": { "texture": "#copperspool", "uv": [ 0.0, 0.0, 16.0, 16.0 ] },
						"up": { "texture": "#copperspool", "uv": [ 0.0, 0.0, 16.0, 16.0 ] },
						"down": { "texture": "#copperspool", "uv": [ 0.0, 0.0, 16.0, 16.0 ] }
					}
				},
				{
					"name": "wire.317",
					"from": [ 6.0225, 1.5799, 0.5563 ], 
					"to": [ 6.245, 3.808, 0.8028 ], 
					"rotationOrigin": [ 6.1338, 2.694, 0.6795 ],
					"rotationZ": -216.855503,
					"faces": {
						"north": { "texture": "#copperspool", "uv": [ 0.0, 0.0, 16.0, 16.0 ] },
						"east": { "texture": "#copperspool", "uv": [ 0.0, 0.0, 16.0, 16.0 ] },
						"south": { "texture": "#copperspool", "uv": [ 0.0, 0.0, 16.0, 16.0 ] },
						"west": { "texture": "#copperspool", "uv": [ 0.0, 0.0, 16.0, 16.0 ] },
						"up": { "texture": "#copperspool", "uv": [ 0.0, 0.0, 16.0, 16.0 ] },
						"down": { "texture": "#copperspool", "uv": [ 0.0, 0.0, 16.0, 16.0 ] }
					}
				},
				{
					"name": "wire.418",
					"from": [ 5.0875, 1.5334, 0.5637 ], 
					"to": [ 5.31, 2.1711, 0.8102 ], 
					"rotationOrigin": [ 5.1988, 1.8523, 0.6869 ],
					"rotationZ": -270.000097,
					"faces": {
						"north": { "texture": "#copperspool", "uv": [ 0.0, 0.0, 16.0, 16.0 ] },
						"east": { "texture": "#copperspool", "uv": [ 0.0, 0.0, 16.0, 16.0 ] },
						"south": { "texture": "#copperspool", "uv": [ 0.0, 0.0, 16.0, 16.0 ] },
						"west": { "texture": "#copperspool", "uv": [ 0.0, 0.0, 16.0, 16.0 ] },
						"up": { "texture": "#copperspool", "uv": [ 0.0, 0.0, 16.0, 16.0 ] },
						"down": { "texture": "#copperspool", "uv": [ 0.0, 0.0, 16.0, 16.0 ] }
					}
				},
				{
					"name": "wire.519",
					"from": [ 1.869, 11.9267, -0.8574 ], 
					"to": [ 2.1148, 15.5911, -0.6109 ], 
					"rotationOrigin": [ 1.9919, 13.7589, -0.7342 ],
					"rotationZ": -90.000032,
					"faces": {
						"north": { "texture": "#copperspool", "uv": [ 0.0, 0.0, 16.0, 16.0 ] },
						"east": { "texture": "#copperspool", "uv": [ 0.0, 0.0, 16.0, 16.0 ] },
						"south": { "texture": "#copperspool", "uv": [ 0.0, 0.0, 16.0, 16.0 ] },
						"west": { "texture": "#copperspool", "uv": [ 0.0, 0.0, 16.0, 16.0 ] },
						"up": { "texture": "#copperspool", "uv": [ 0.0, 0.0, 16.0, 16.0 ] },
						"down": { "texture": "#copperspool", "uv": [ 0.0, 0.0, 16.0, 16.0 ] }
					}
				},
				{
					"name": "wire.620",
					"from": [ 5.1545, 11.0174, -0.8574 ], 
					"to": [ 5.4004, 14.6817, -0.6109 ], 
					"rotationOrigin": [ 5.2774, 12.8496, -0.7342 ],
					"rotationZ": -121.402933,
					"faces": {
						"north": { "texture": "#copperspool", "uv": [ 0.0, 0.0, 16.0, 16.0 ] },
						"east": { "texture": "#copperspool", "uv": [ 0.0, 0.0, 16.0, 16.0 ] },
						"south": { "texture": "#copperspool", "uv": [ 0.0, 0.0, 16.0, 16.0 ] },
						"west": { "texture": "#copperspool", "uv": [ 0.0, 0.0, 16.0, 16.0 ] },
						"up": { "texture": "#copperspool", "uv": [ 0.0, 0.0, 16.0, 16.0 ] },
						"down": { "texture": "#copperspool", "uv": [ 0.0, 0.0, 16.0, 16.0 ] }
					}
				},
				{
					"name": "wire.721",
					"from": [ 6.6782, 3.5186, -0.8346 ], 
					"to": [ 6.9007, 11.9951, -0.5881 ], 
					"rotationOrigin": [ 6.7894, 7.7568, -0.7114 ],
					"rotationZ": -180.000064,
					"faces": {
						"north": { "texture": "#copperspool", "uv": [ 0.0, 0.0, 16.0, 16.0 ] },
						"east": { "texture": "#copperspool", "uv": [ 0.0, 0.0, 16.0, 16.0 ] },
						"south": { "texture": "#copperspool", "uv": [ 0.0, 0.0, 16.0, 16.0 ] },
						"west": { "texture": "#copperspool", "uv": [ 0.0, 0.0, 16.0, 16.0 ] },
						"up": { "texture": "#copperspool", "uv": [ 0.0, 0.0, 16.0, 16.0 ] },
						"down": { "texture": "#copperspool", "uv": [ 0.0, 0.0, 16.0, 16.0 ] }
					}
				},
				{
					"name": "wire.822",
					"from": [ 6.0225, 1.5799, -0.8544 ], 
					"to": [ 6.245, 3.808, -0.6079 ], 
					"rotationOrigin": [ 6.1338, 2.694, -0.7311 ],
					"rotationZ": -216.855503,
					"faces": {
						"north": { "texture": "#copperspool", "uv": [ 0.0, 0.0, 16.0, 16.0 ] },
						"east": { "texture": "#copperspool", "uv": [ 0.0, 0.0, 16.0, 16.0 ] },
						"south": { "texture": "#copperspool", "uv": [ 0.0, 0.0, 16.0, 16.0 ] },
						"west": { "texture": "#copperspool", "uv": [ 0.0, 0.0, 16.0, 16.0 ] },
						"up": { "texture": "#copperspool", "uv": [ 0.0, 0.0, 16.0, 16.0 ] },
						"down": { "texture": "#copperspool", "uv": [ 0.0, 0.0, 16.0, 16.0 ] }
					}
				},
				{
					"name": "wire.923",
					"from": [ 5.0875, 1.5334, -0.8469 ], 
					"to": [ 5.31, 2.1711, -0.6004 ], 
					"rotationOrigin": [ 5.1988, 1.8523, -0.7237 ],
					"rotationZ": -270.000097,
					"faces": {
						"north": { "texture": "#copperspool", "uv": [ 0.0, 0.0, 16.0, 16.0 ] },
						"east": { "texture": "#copperspool", "uv": [ 0.0, 0.0, 16.0, 16.0 ] },
						"south": { "texture": "#copperspool", "uv": [ 0.0, 0.0, 16.0, 16.0 ] },
						"west": { "texture": "#copperspool", "uv": [ 0.0, 0.0, 16.0, 16.0 ] },
						"up": { "texture": "#copperspool", "uv": [ 0.0, 0.0, 16.0, 16.0 ] },
						"down": { "texture": "#copperspool", "uv": [ 0.0, 0.0, 16.0, 16.0 ] }
					}
				},
				{
					"name": "wire.1024",
					"from": [ 6.8275, 3.596, 0.6459 ], 
					"to": [ 7.05, 6.887, 0.7526 ], 
					"rotationOrigin": [ 6.9387, 5.2415, 0.6993 ],
					"rotationX": 1.007703,
					"rotationY": 5.224637,
					"rotationZ": -183.797227,
					"faces": {
						"north": { "texture": "#copperspool", "uv": [ 0.0, 0.0, 16.0, 16.0 ] },
						"east": { "texture": "#copperspool", "uv": [ 0.0, 0.0, 16.0, 16.0 ] },
						"south": { "texture": "#copperspool", "uv": [ 0.0, 0.0, 16.0, 16.0 ] },
						"west": { "texture": "#copperspool", "uv": [ 0.0, 0.0, 16.0, 16.0 ] },
						"up": { "texture": "#copperspool", "uv": [ 0.0, 0.0, 16.0, 16.0 ] },
						"down": { "texture": "#copperspool", "uv": [ 0.0, 0.0, 16.0, 16.0 ] }
					}
				},
				{
					"name": "wire.1125",
					"from": [ 6.9819, 6.8968, 0.5162 ], 
					"to": [ 7.2044, 8.8154, 0.7627 ], 
					"rotationOrigin": [ 7.0931, 7.8561, 0.6394 ],
					"rotationX": 1.007703,
					"rotationY": 5.224637,
					"rotationZ": -180.984995,
					"faces": {
						"north": { "texture": "#copperspool", "uv": [ 0.0, 0.0, 16.0, 16.0 ] },
						"east": { "texture": "#copperspool", "uv": [ 0.0, 0.0, 16.0, 16.0 ] },
						"south": { "texture": "#copperspool", "uv": [ 0.0, 0.0, 16.0, 16.0 ] },
						"west": { "texture": "#copperspool", "uv": [ 0.0, 0.0, 16.0, 16.0 ] },
						"up": { "texture": "#copperspool", "uv": [ 0.0, 0.0, 16.0, 16.0 ] },
						"down": { "texture": "#copperspool", "uv": [ 0.0, 0.0, 16.0, 16.0 ] }
					}
				}
			]
		},
		{
			"name": "Scanner Base26",
			"from": [ 6.514, 0.4934, 6.514 ], 
			"to": [ 9.486, 1.3652, 9.486 ], 
			"rotationOrigin": [ 8.0, 0.9293, 8.0 ],
			"faces": {
				"north": { "texture": "#darksteelsheet", "uv": [ 0.0, 0.0, 16.0, 16.0 ] },
				"east": { "texture": "#darksteelsheet", "uv": [ 0.0, 0.0, 16.0, 16.0 ] },
				"south": { "texture": "#darksteelsheet", "uv": [ 0.0, 0.0, 16.0, 16.0 ] },
				"west": { "texture": "#darksteelsheet", "uv": [ 0.0, 0.0, 16.0, 16.0 ] },
				"up": { "texture": "#darksteelsheet", "uv": [ 0.0, 0.0, 16.0, 16.0 ] },
				"down": { "texture": "#darksteelsheet", "uv": [ 0.0, 0.0, 16.0, 16.0 ] }
			},
			"children": [
				{
					"name": "Scanner socketplug.227",
					"from": [ 1.2185, -1.0225, 1.2185 ], 
					"to": [ 1.7536, -0.7037, 1.7536 ], 
					"rotationOrigin": [ 1.486, -0.8631, 1.486 ],
					"faces": {
						"north": { "texture": "#metal/bluepaintedwornsteelplate", "uv": [ 0.0, 0.0, 16.0, 16.0 ] },
						"east": { "texture": "#metal/bluepaintedwornsteelplate", "uv": [ 0.0, 0.0, 16.0, 16.0 ] },
						"south": { "texture": "#metal/bluepaintedwornsteelplate", "uv": [ 0.0, 0.0, 16.0, 16.0 ] },
						"west": { "texture": "#metal/bluepaintedwornsteelplate", "uv": [ 0.0, 0.0, 16.0, 16.0 ] },
						"up": { "texture": "#metal/bluepaintedwornsteelplate", "uv": [ 0.0, 0.0, 16.0, 16.0 ] },
						"down": { "texture": "#metal/bluepaintedwornsteelplate", "uv": [ 0.0, 0.0, 16.0, 16.0 ] }
					}
				},
				{
					"name": "Scanner socketplug.128",
					"from": [ 0.7636, -1.0225, 0.8583 ], 
					"to": [ 1.0989, -0.7037, 1.1936 ], 
					"rotationOrigin": [ 0.9312, -0.8631, 1.0259 ],
					"faces": {
						"north": { "texture": "#copperspool", "uv": [ 0.0, 0.0, 16.0, 16.0 ] },
						"east": { "texture": "#copperspool", "uv": [ 0.0, 0.0, 16.0, 16.0 ] },
						"south": { "texture": "#copperspool", "uv": [ 0.0, 0.0, 16.0, 16.0 ] },
						"west": { "texture": "#copperspool", "uv": [ 0.0, 0.0, 16.0, 16.0 ] },
						"up": { "texture": "#copperspool", "uv": [ 0.0, 0.0, 16.0, 16.0 ] },
						"down": { "texture": "#copperspool", "uv": [ 0.0, 0.0, 16.0, 16.0 ] }
					}
				},
				{
					"name": "Scanner socketplug29",
					"from": [ 1.8667, -1.0225, 1.8549 ], 
					"to": [ 2.202, -0.7037, 2.1902 ], 
					"rotationOrigin": [ 2.0343, -0.8631, 2.0226 ],
					"faces": {
						"north": { "texture": "#copperspool", "uv": [ 0.0, 0.0, 16.0, 16.0 ] },
						"east": { "texture": "#copperspool", "uv": [ 0.0, 0.0, 16.0, 16.0 ] },
						"south": { "texture": "#copperspool", "uv": [ 0.0, 0.0, 16.0, 16.0 ] },
						"west": { "texture": "#copperspool", "uv": [ 0.0, 0.0, 16.0, 16.0 ] },
						"up": { "texture": "#copperspool", "uv": [ 0.0, 0.0, 16.0, 16.0 ] },
						"down": { "texture": "#copperspool", "uv": [ 0.0, 0.0, 16.0, 16.0 ] }
					}
				},
				{
					"name": "Scanner Socket30",
					"from": [ 0.5412, -0.7838, 0.5412 ], 
					"to": [ 2.4309, 0.0894, 2.4309 ], 
					"rotationOrigin": [ 1.486, -0.3472, 1.486 ],
					"faces": {
						"north": { "texture": "#darksteelsheet", "uv": [ 0.0, 0.0, 16.0, 16.0 ] },
						"east": { "texture": "#darksteelsheet", "uv": [ 0.0, 0.0, 16.0, 16.0 ] },
						"south": { "texture": "#darksteelsheet", "uv": [ 0.0, 0.0, 16.0, 16.0 ] },
						"west": { "texture": "#darksteelsheet", "uv": [ 0.0, 0.0, 16.0, 16.0 ] },
						"up": { "texture": "#darksteelsheet", "uv": [ 0.0, 0.0, 16.0, 16.0 ] },
						"down": { "texture": "#darksteelsheet", "uv": [ 0.0, 0.0, 16.0, 16.0 ] }
					}
				}
			]
		}
	]}