{
	"editor": {
		"allAngles": false,
		"entityTextureMode": false
	},
	"textureWidth": 16,
	"textureHeight": 16,
	"textureSizes": {
	},
	"textures": {
		"bluepaintedwornsteelplate": "block/metal/bluepaintedwornsteelplate",
		"screen": "block/screen",
		"lightblock": "block/lightblock"
	},
	"elements": [
		{
			"name": "sign",
			"from": [ 1.0, 1.0, 0.0 ], 
			"to": [ 15.0, 15.0, 1.0 ], 
			"rotationOrigin": [ 0.0, -4.0, -1.0 ],
			"faces": {
				"north": { "texture": "#bluepaintedwornsteelplate", "uv": [ 2.0, 1.0, 16.0, 15.0 ], "glow": 129 },
				"east": { "texture": "#lightblock", "uv": [ 15.0, 1.0, 16.0, 15.0 ] },
				"south": { "texture": "#screen", "uv": [ 1.0, 1.0, 15.0, 15.0 ], "glow": 255 },
				"west": { "texture": "#lightblock", "uv": [ 0.0, 1.0, 1.0, 15.0 ] },
				"up": { "texture": "#lightblock", "uv": [ 1.0, 15.0, 15.0, 16.0 ], "rotation": 180 },
				"down": { "texture": "#lightblock", "uv": [ 1.0, 0.0, 15.0, 1.0 ] }
			}
		}
	]}