[
  {
    "file": "game:blocktypes/wood/rails.json",
    "path": "/attributes/handbook/exclude",
    "op": "remove"
  },
  {
    "file": "game:blocktypes/wood/rails.json",
    "path": "/attributes/handbook/excludeByType",
    "op": "add",
    "value": {
      "*-flat_ns": false,
      "*": true
    }
  },
  {
    "file": "game:blocktypes/wood/rails.json",
    "path": "/creativeinventory/r&r",
    "op": "add",
    "value": [
      "woodenrails-flat_ns"
    ]
  },
  {
    "op": "replace",
    "path": "/shapeByType/*/base",
    "value": "rustandrails:block/rails/{type}",
    "file": "game:blocktypes/wood/rails.json"
  },
  {
    "op": "replace",
    "path": "/shapeByType/*-curved_ne/base",
    "value": "rustandrails:block/rails/curved_es",
    "file": "game:blocktypes/wood/rails.json"
  },
  {
    "op": "replace",
    "path": "/shapeByType/*-curved_sw/base",
    "value": "rustandrails:block/rails/curved_es",
    "file": "game:blocktypes/wood/rails.json"
  },
  {
    "op": "replace",
    "path": "/shapeByType/*-curved_wn/base",
    "value": "rustandrails:block/rails/curved_es",
    "file": "game:blocktypes/wood/rails.json"
  },
  {
    "op": "replace",
    "path": "/shapeByType/*-flat_we/base",
    "value": "rustandrails:block/rails/flat_ns",
    "file": "game:blocktypes/wood/rails.json"
  },
  {
    "op": "replace",
    "path": "/shapeByType/*-raised_we/base",
    "value": "rustandrails:block/rails/raised_ns",
    "file": "game:blocktypes/wood/rails.json"
  },
  {
    "op": "remove",
    "path": "/textures/wood",
    "file": "blocktypes/wood/rails.json"
  },
  {
    "op": "add",
    "path": "/textures/material",
    "value": {
      "base": "rustandrails:block/rails/wooden/rail"
    },
    "file": "game:blocktypes/wood/rails.json"
  }
]
  
