{
"editor": {"allAngles": false,"entityTextureMode": false},
"textureWidth": 16,
"textureHeight": 16,
"textureSizes": {},
"textures": {
 "metal/darkiron" :"block/metal/darkiron",
 "chevrons" :"block/chevrons",
 "shinyiron" :"block/shinyiron"
},
"elements": [
 {
  "name" : "base0",
  "from": [ 0.000000, 0.000416, 0.000000 ],
  "to": [ 16.000000, 0.888384, 16.000000 ],
  "rotationOrigin": [ 8.000000, 0.444400, 8.000000 ],
  "rotationY": -0.000000,
  "rotationX": -0.000000,
  "rotationZ": -0.000000,
  "faces": {
    "north": { "texture": "#shinyiron", "uv": [ 0.0, 0.0, 16.0, 16.0 ], "enabled": true },
    "east": { "texture": "#shinyiron", "uv": [ 0.0, 0.0, 16.0, 16.0 ], "enabled": true },
    "south": { "texture": "#shinyiron", "uv": [ 0.0, 0.0, 16.0, 16.0 ], "enabled": true },
    "west": { "texture": "#shinyiron", "uv": [ 0.0, 0.0, 16.0, 16.0 ], "enabled": true },
    "up": { "texture": "#shinyiron", "uv": [ 0.0, 0.0, 16.0, 16.0 ], "enabled": true },
    "down": { "texture": "#shinyiron", "uv": [ 0.0, 0.0, 16.0, 16.0 ], "enabled": true }
   }
,"children": [ {
  "name" : "receiving base1",
  "from": [ 0.000000, 0.000000, -15.000000 ],
  "to": [ 16.000000, 0.887968, 1.000000 ],
  "rotationOrigin": [ 8.000000, 0.443984, -7.000000 ],
  "rotationY": -0.000000,
  "rotationX": -0.000000,
  "rotationZ": -0.000000,
  "faces": {
    "north": { "texture": "#shinyiron", "uv": [ 0.0, 0.0, 16.0, 16.0 ], "enabled": true },
    "east": { "texture": "#shinyiron", "uv": [ 0.0, 0.0, 16.0, 16.0 ], "enabled": true },
    "south": { "texture": "#shinyiron", "uv": [ 0.0, 0.0, 16.0, 16.0 ], "enabled": true },
    "west": { "texture": "#shinyiron", "uv": [ 0.0, 0.0, 16.0, 16.0 ], "enabled": true },
    "up": { "texture": "#shinyiron", "uv": [ 0.0, 0.0, 16.0, 16.0 ], "enabled": true },
    "down": { "texture": "#shinyiron", "uv": [ 0.0, 0.0, 16.0, 16.0 ], "enabled": true }
   }
,"children": [ {
  "name" : "hitpad2",
  "from": [ 1.956000, 0.916930, 1.956000 ],
  "to": [ 14.044000, 1.822144, 14.044000 ],
  "rotationOrigin": [ 8.000000, 1.369537, 8.000000 ],
  "rotationY": -0.000000,
  "rotationX": -0.000000,
  "rotationZ": -0.000000,
  "faces": {
    "north": { "texture": "#metal/darkiron", "uv": [ 0.0, 0.0, 16.0, 16.0 ], "enabled": true },
    "east": { "texture": "#metal/darkiron", "uv": [ 0.0, 0.0, 16.0, 16.0 ], "enabled": true },
    "south": { "texture": "#metal/darkiron", "uv": [ 0.0, 0.0, 16.0, 16.0 ], "enabled": true },
    "west": { "texture": "#metal/darkiron", "uv": [ 0.0, 0.0, 16.0, 16.0 ], "enabled": true },
    "up": { "texture": "#metal/darkiron", "uv": [ 0.0, 0.0, 16.0, 16.0 ], "enabled": true },
    "down": { "texture": "#metal/darkiron", "uv": [ 0.0, 0.0, 16.0, 16.0 ], "enabled": true }
   }
,"children": [ {
  "name" : "bolt.23",
  "from": [ -1.622573, -0.313213, 2.265801 ],
  "to": [ 1.622573, 1.367320, 3.778199 ],
  "rotationOrigin": [ 0.000000, 0.527054, 3.022000 ],
  "rotationY": -0.000000,
  "rotationX": -90.000032,
  "rotationZ": -0.000000,
  "faces": {
    "north": { "texture": "#shinyiron", "uv": [ 0.0, 0.0, 16.0, 16.0 ], "enabled": true },
    "east": { "texture": "#shinyiron", "uv": [ 0.0, 0.0, 16.0, 16.0 ], "enabled": true },
    "south": { "texture": "#shinyiron", "uv": [ 0.0, 0.0, 16.0, 16.0 ], "enabled": true },
    "west": { "texture": "#shinyiron", "uv": [ 0.0, 0.0, 16.0, 16.0 ], "enabled": true },
    "up": { "texture": "#shinyiron", "uv": [ 0.0, 0.0, 16.0, 16.0 ], "enabled": true },
    "down": { "texture": "#shinyiron", "uv": [ 0.0, 0.0, 16.0, 16.0 ], "enabled": true }
   }
  }, {
  "name" : "bolt.34",
  "from": [ 10.465427, -0.313213, 8.309801 ],
  "to": [ 13.710573, 1.367320, 9.822199 ],
  "rotationOrigin": [ 12.088000, 0.527054, 9.066000 ],
  "rotationY": -0.000000,
  "rotationX": -90.000032,
  "rotationZ": -0.000000,
  "faces": {
    "north": { "texture": "#shinyiron", "uv": [ 0.0, 0.0, 16.0, 16.0 ], "enabled": true },
    "east": { "texture": "#shinyiron", "uv": [ 0.0, 0.0, 16.0, 16.0 ], "enabled": true },
    "south": { "texture": "#shinyiron", "uv": [ 0.0, 0.0, 16.0, 16.0 ], "enabled": true },
    "west": { "texture": "#shinyiron", "uv": [ 0.0, 0.0, 16.0, 16.0 ], "enabled": true },
    "up": { "texture": "#shinyiron", "uv": [ 0.0, 0.0, 16.0, 16.0 ], "enabled": true },
    "down": { "texture": "#shinyiron", "uv": [ 0.0, 0.0, 16.0, 16.0 ], "enabled": true }
   }
  }, {
  "name" : "bolt.15",
  "from": [ 10.465427, -0.313213, 2.265801 ],
  "to": [ 13.710573, 1.367320, 3.778199 ],
  "rotationOrigin": [ 12.088000, 0.527054, 3.022000 ],
  "rotationY": -0.000000,
  "rotationX": -90.000032,
  "rotationZ": -0.000000,
  "faces": {
    "north": { "texture": "#shinyiron", "uv": [ 0.0, 0.0, 16.0, 16.0 ], "enabled": true },
    "east": { "texture": "#shinyiron", "uv": [ 0.0, 0.0, 16.0, 16.0 ], "enabled": true },
    "south": { "texture": "#shinyiron", "uv": [ 0.0, 0.0, 16.0, 16.0 ], "enabled": true },
    "west": { "texture": "#shinyiron", "uv": [ 0.0, 0.0, 16.0, 16.0 ], "enabled": true },
    "up": { "texture": "#shinyiron", "uv": [ 0.0, 0.0, 16.0, 16.0 ], "enabled": true },
    "down": { "texture": "#shinyiron", "uv": [ 0.0, 0.0, 16.0, 16.0 ], "enabled": true }
   }
  }, {
  "name" : "bolt6",
  "from": [ -1.622573, -0.313213, 8.309801 ],
  "to": [ 1.622573, 1.367320, 9.822199 ],
  "rotationOrigin": [ 0.000000, 0.527054, 9.066000 ],
  "rotationY": -0.000000,
  "rotationX": -90.000032,
  "rotationZ": -0.000000,
  "faces": {
    "north": { "texture": "#shinyiron", "uv": [ 0.0, 0.0, 16.0, 16.0 ], "enabled": true },
    "east": { "texture": "#shinyiron", "uv": [ 0.0, 0.0, 16.0, 16.0 ], "enabled": true },
    "south": { "texture": "#shinyiron", "uv": [ 0.0, 0.0, 16.0, 16.0 ], "enabled": true },
    "west": { "texture": "#shinyiron", "uv": [ 0.0, 0.0, 16.0, 16.0 ], "enabled": true },
    "up": { "texture": "#shinyiron", "uv": [ 0.0, 0.0, 16.0, 16.0 ], "enabled": true },
    "down": { "texture": "#shinyiron", "uv": [ 0.0, 0.0, 16.0, 16.0 ], "enabled": true }
   }
  },]  },]  }, {
  "name" : "axel7",
  "from": [ 6.339758, 3.750181, 11.455174 ],
  "to": [ 9.660242, 7.083731, 14.775657 ],
  "rotationOrigin": [ 8.000000, 5.416956, 13.115416 ],
  "rotationY": -0.000000,
  "rotationX": -0.000000,
  "rotationZ": -0.000000,
  "faces": {
    "north": { "texture": "#shinyiron", "uv": [ 0.0, 0.0, 16.0, 16.0 ], "enabled": true },
    "east": { "texture": "#shinyiron", "uv": [ 0.0, 0.0, 16.0, 16.0 ], "enabled": true },
    "south": { "texture": "#shinyiron", "uv": [ 0.0, 0.0, 16.0, 16.0 ], "enabled": true },
    "west": { "texture": "#shinyiron", "uv": [ 0.0, 0.0, 16.0, 16.0 ], "enabled": true },
    "up": { "texture": "#shinyiron", "uv": [ 0.0, 0.0, 16.0, 16.0 ], "enabled": true },
    "down": { "texture": "#shinyiron", "uv": [ 0.0, 0.0, 16.0, 16.0 ], "enabled": true }
   }
,"children": [ {
  "name" : "Head Sleeve8",
  "from": [ -0.168757, 17.325358, 0.160242 ],
  "to": [ 3.489241, 26.277314, 3.160242 ],
  "rotationOrigin": [ 1.660242, 21.801336, 1.660242 ],
  "rotationY": -0.000000,
  "rotationX": -0.000000,
  "rotationZ": -0.000000,
  "faces": {
    "north": { "texture": "#shinyiron", "uv": [ 0.0, 0.0, 16.0, 16.0 ], "enabled": true },
    "east": { "texture": "#shinyiron", "uv": [ 0.0, 0.0, 16.0, 16.0 ], "enabled": true },
    "south": { "texture": "#shinyiron", "uv": [ 0.0, 0.0, 16.0, 16.0 ], "enabled": true },
    "west": { "texture": "#shinyiron", "uv": [ 0.0, 0.0, 16.0, 16.0 ], "enabled": true },
    "up": { "texture": "#shinyiron", "uv": [ 0.0, 0.0, 16.0, 16.0 ], "enabled": true },
    "down": { "texture": "#shinyiron", "uv": [ 0.0, 0.0, 16.0, 16.0 ], "enabled": true }
   }
,"children": [ {
  "name" : "Head9",
  "from": [ -0.195388, 0.869033, -1.642391 ],
  "to": [ 3.853386, 8.082923, 1.678093 ],
  "rotationOrigin": [ 1.828999, 4.475978, 0.017851 ],
  "rotationY": -0.000000,
  "rotationX": -0.000000,
  "rotationZ": -0.000000,
  "faces": {
    "north": { "texture": "#shinyiron", "uv": [ 0.0, 0.0, 16.0, 16.0 ], "enabled": true },
    "east": { "texture": "#shinyiron", "uv": [ 0.0, 0.0, 16.0, 16.0 ], "enabled": true },
    "south": { "texture": "#shinyiron", "uv": [ 0.0, 0.0, 16.0, 16.0 ], "enabled": true },
    "west": { "texture": "#shinyiron", "uv": [ 0.0, 0.0, 16.0, 16.0 ], "enabled": true },
    "up": { "texture": "#shinyiron", "uv": [ 0.0, 0.0, 16.0, 16.0 ], "enabled": true },
    "down": { "texture": "#shinyiron", "uv": [ 0.0, 0.0, 16.0, 16.0 ], "enabled": true }
   }
,"children": [ {
  "name" : "Head.110",
  "from": [ 0.395004, 0.421199, -0.401819 ],
  "to": [ 3.653770, 6.792690, 0.210116 ],
  "rotationOrigin": [ 2.024387, 3.606945, -0.095851 ],
  "rotationY": -0.000000,
  "rotationX": -0.000000,
  "rotationZ": -0.000000,
  "faces": {
    "north": { "texture": "#metal/darkiron", "uv": [ 0.0, 0.0, 16.0, 16.0 ], "enabled": true },
    "east": { "texture": "#metal/darkiron", "uv": [ 0.0, 0.0, 16.0, 16.0 ], "enabled": true },
    "south": { "texture": "#metal/darkiron", "uv": [ 0.0, 0.0, 16.0, 16.0 ], "enabled": true },
    "west": { "texture": "#metal/darkiron", "uv": [ 0.0, 0.0, 16.0, 16.0 ], "enabled": true },
    "up": { "texture": "#metal/darkiron", "uv": [ 0.0, 0.0, 16.0, 16.0 ], "enabled": true },
    "down": { "texture": "#metal/darkiron", "uv": [ 0.0, 0.0, 16.0, 16.0 ], "enabled": true }
   }
,"children": [ {
  "name" : "bolt.111",
  "from": [ -0.550188, 0.608830, 2.753481 ],
  "to": [ 3.808954, 1.392274, 3.393481 ],
  "rotationOrigin": [ 1.629383, 1.000552, 3.073481 ],
  "rotationY": -0.000000,
  "rotationX": -0.000000,
  "rotationZ": -0.000000,
  "faces": {
    "north": { "texture": "#metal/darkiron", "uv": [ 0.0, 0.0, 16.0, 16.0 ], "enabled": true },
    "east": { "texture": "#metal/darkiron", "uv": [ 0.0, 0.0, 16.0, 16.0 ], "enabled": true },
    "south": { "texture": "#metal/darkiron", "uv": [ 0.0, 0.0, 16.0, 16.0 ], "enabled": true },
    "west": { "texture": "#metal/darkiron", "uv": [ 0.0, 0.0, 16.0, 16.0 ], "enabled": true },
    "up": { "texture": "#metal/darkiron", "uv": [ 0.0, 0.0, 16.0, 16.0 ], "enabled": true },
    "down": { "texture": "#metal/darkiron", "uv": [ 0.0, 0.0, 16.0, 16.0 ], "enabled": true }
   }
  }, {
  "name" : "bolt12",
  "from": [ -0.550188, 5.290489, 2.753481 ],
  "to": [ 3.808954, 6.073932, 3.393481 ],
  "rotationOrigin": [ 1.629383, 5.682210, 3.073481 ],
  "rotationY": -0.000000,
  "rotationX": -0.000000,
  "rotationZ": -0.000000,
  "faces": {
    "north": { "texture": "#metal/darkiron", "uv": [ 0.0, 0.0, 16.0, 16.0 ], "enabled": true },
    "east": { "texture": "#metal/darkiron", "uv": [ 0.0, 0.0, 16.0, 16.0 ], "enabled": true },
    "south": { "texture": "#metal/darkiron", "uv": [ 0.0, 0.0, 16.0, 16.0 ], "enabled": true },
    "west": { "texture": "#metal/darkiron", "uv": [ 0.0, 0.0, 16.0, 16.0 ], "enabled": true },
    "up": { "texture": "#metal/darkiron", "uv": [ 0.0, 0.0, 16.0, 16.0 ], "enabled": true },
    "down": { "texture": "#metal/darkiron", "uv": [ 0.0, 0.0, 16.0, 16.0 ], "enabled": true }
   }
  },]  },]  },]  }, {
  "name" : "Arm13",
  "from": [ 0.565630, -1.593960, 0.349294 ],
  "to": [ 2.754854, 25.772857, 2.971190 ],
  "rotationOrigin": [ 1.660242, 1.666775, 1.660242 ],
  "rotationY": -0.000000,
  "rotationX": -0.000000,
  "rotationZ": -0.000000,
  "faces": {
    "north": { "texture": "#metal/darkiron", "uv": [ 0.0, 0.0, 16.0, 16.0 ], "enabled": true },
    "east": { "texture": "#metal/darkiron", "uv": [ 0.0, 0.0, 16.0, 16.0 ], "enabled": true },
    "south": { "texture": "#metal/darkiron", "uv": [ 0.0, 0.0, 16.0, 16.0 ], "enabled": true },
    "west": { "texture": "#metal/darkiron", "uv": [ 0.0, 0.0, 16.0, 16.0 ], "enabled": true },
    "up": { "texture": "#metal/darkiron", "uv": [ 0.0, 0.0, 16.0, 16.0 ], "enabled": true },
    "down": { "texture": "#metal/darkiron", "uv": [ 0.0, 0.0, 16.0, 16.0 ], "enabled": true }
   }
  },]  }, {
  "name" : "InteriorAxel14",
  "from": [ -0.594837, 4.359554, 12.062158 ],
  "to": [ 16.594837, 6.474358, 14.168673 ],
  "rotationOrigin": [ 8.000000, 5.416956, 13.115416 ],
  "rotationY": -0.000000,
  "rotationX": -0.000000,
  "rotationZ": -0.000000,
  "faces": {
    "north": { "texture": "#shinyiron", "uv": [ 0.0, 0.0, 16.0, 16.0 ], "enabled": true },
    "east": { "texture": "#shinyiron", "uv": [ 0.0, 0.0, 16.0, 16.0 ], "enabled": true },
    "south": { "texture": "#shinyiron", "uv": [ 0.0, 0.0, 16.0, 16.0 ], "enabled": true },
    "west": { "texture": "#shinyiron", "uv": [ 0.0, 0.0, 16.0, 16.0 ], "enabled": true },
    "up": { "texture": "#shinyiron", "uv": [ 0.0, 0.0, 16.0, 16.0 ], "enabled": true },
    "down": { "texture": "#shinyiron", "uv": [ 0.0, 0.0, 16.0, 16.0 ], "enabled": true }
   }
  }, {
  "name" : "InteriorAxel15",
  "from": [ 0.379956, 4.200943, 11.904169 ],
  "to": [ 15.620044, 6.632968, 14.326662 ],
  "rotationOrigin": [ 8.000000, 5.416956, 13.115416 ],
  "rotationY": -0.000000,
  "rotationX": -0.000000,
  "rotationZ": -0.000000,
  "faces": {
    "north": { "texture": "#metal/darkiron", "uv": [ 0.0, 0.0, 16.0, 16.0 ], "enabled": true },
    "east": { "texture": "#metal/darkiron", "uv": [ 0.0, 0.0, 16.0, 16.0 ], "enabled": true },
    "south": { "texture": "#metal/darkiron", "uv": [ 0.0, 0.0, 16.0, 16.0 ], "enabled": true },
    "west": { "texture": "#metal/darkiron", "uv": [ 0.0, 0.0, 16.0, 16.0 ], "enabled": true },
    "up": { "texture": "#metal/darkiron", "uv": [ 0.0, 0.0, 16.0, 16.0 ], "enabled": true },
    "down": { "texture": "#metal/darkiron", "uv": [ 0.0, 0.0, 16.0, 16.0 ], "enabled": true }
   }
  }, {
  "name" : "Cube.216",
  "from": [ 10.255520, 0.979308, 10.223441 ],
  "to": [ 15.344480, 11.543876, 16.007390 ],
  "rotationOrigin": [ 12.800000, 6.261592, 13.115416 ],
  "rotationY": -0.000000,
  "rotationX": -0.000000,
  "rotationZ": -0.000000,
  "faces": {
    "north": { "texture": "#shinyiron", "uv": [ 0.0, 0.0, 16.0, 16.0 ], "enabled": true },
    "east": { "texture": "#shinyiron", "uv": [ 0.0, 0.0, 16.0, 16.0 ], "enabled": true },
    "south": { "texture": "#shinyiron", "uv": [ 0.0, 0.0, 16.0, 16.0 ], "enabled": true },
    "west": { "texture": "#shinyiron", "uv": [ 0.0, 0.0, 16.0, 16.0 ], "enabled": true },
    "up": { "texture": "#shinyiron", "uv": [ 0.0, 0.0, 16.0, 16.0 ], "enabled": true },
    "down": { "texture": "#shinyiron", "uv": [ 0.0, 0.0, 16.0, 16.0 ], "enabled": true }
   }
  }, {
  "name" : "Cube.117",
  "from": [ 0.655520, 0.979308, 10.223441 ],
  "to": [ 5.744480, 11.543876, 16.007390 ],
  "rotationOrigin": [ 3.200000, 6.261592, 13.115416 ],
  "rotationY": -0.000000,
  "rotationX": -0.000000,
  "rotationZ": -0.000000,
  "faces": {
    "north": { "texture": "#shinyiron", "uv": [ 0.0, 0.0, 16.0, 16.0 ], "enabled": true },
    "east": { "texture": "#shinyiron", "uv": [ 0.0, 0.0, 16.0, 16.0 ], "enabled": true },
    "south": { "texture": "#shinyiron", "uv": [ 0.0, 0.0, 16.0, 16.0 ], "enabled": true },
    "west": { "texture": "#shinyiron", "uv": [ 0.0, 0.0, 16.0, 16.0 ], "enabled": true },
    "up": { "texture": "#shinyiron", "uv": [ 0.0, 0.0, 16.0, 16.0 ], "enabled": true },
    "down": { "texture": "#shinyiron", "uv": [ 0.0, 0.0, 16.0, 16.0 ], "enabled": true }
   }
  }, {
  "name" : "controls18",
  "from": [ 13.989953, 2.803028, 4.088744 ],
  "to": [ 14.515643, 8.627664, 9.500780 ],
  "rotationOrigin": [ 14.252798, 5.715346, 6.794762 ],
  "rotationY": -0.000000,
  "rotationX": -0.000000,
  "rotationZ": 33.645202,
  "faces": {
    "north": { "texture": "#chevrons", "uv": [ 0.0, 0.0, 16.0, 16.0 ], "enabled": true },
    "east": { "texture": "#chevrons", "uv": [ 0.0, 0.0, 16.0, 16.0 ], "enabled": true },
    "south": { "texture": "#chevrons", "uv": [ 0.0, 0.0, 16.0, 16.0 ], "enabled": true },
    "west": { "texture": "#chevrons", "uv": [ 0.0, 0.0, 16.0, 16.0 ], "enabled": true },
    "up": { "texture": "#chevrons", "uv": [ 0.0, 0.0, 16.0, 16.0 ], "enabled": true },
    "down": { "texture": "#chevrons", "uv": [ 0.0, 0.0, 16.0, 16.0 ], "enabled": true }
   }
,"children": [ {
  "name" : "Cube.319",
  "from": [ 0.443436, 0.272011, 0.252742 ],
  "to": [ 0.632462, 5.552626, 5.159294 ],
  "rotationOrigin": [ 0.537949, 2.912318, 2.706018 ],
  "rotationY": -0.000000,
  "rotationX": -0.000000,
  "rotationZ": -0.000000,
  "faces": {
    "north": { "texture": "#metal/darkiron", "uv": [ 0.0, 0.0, 16.0, 16.0 ], "enabled": true },
    "east": { "texture": "#metal/darkiron", "uv": [ 0.0, 0.0, 16.0, 16.0 ], "enabled": true },
    "south": { "texture": "#metal/darkiron", "uv": [ 0.0, 0.0, 16.0, 16.0 ], "enabled": true },
    "west": { "texture": "#metal/darkiron", "uv": [ 0.0, 0.0, 16.0, 16.0 ], "enabled": true },
    "up": { "texture": "#metal/darkiron", "uv": [ 0.0, 0.0, 16.0, 16.0 ], "enabled": true },
    "down": { "texture": "#metal/darkiron", "uv": [ 0.0, 0.0, 16.0, 16.0 ], "enabled": true }
   }
  },]  }, {
  "name" : "control arm20",
  "from": [ 13.598427, 5.142367, 3.483590 ],
  "to": [ 14.124118, 5.767177, 10.998292 ],
  "rotationOrigin": [ 13.861273, 5.454772, 7.240941 ],
  "rotationY": -0.000000,
  "rotationX": -0.000000,
  "rotationZ": 33.645202,
  "faces": {
    "north": { "texture": "#shinyiron", "uv": [ 0.0, 0.0, 16.0, 16.0 ], "enabled": true },
    "east": { "texture": "#shinyiron", "uv": [ 0.0, 0.0, 16.0, 16.0 ], "enabled": true },
    "south": { "texture": "#shinyiron", "uv": [ 0.0, 0.0, 16.0, 16.0 ], "enabled": true },
    "west": { "texture": "#shinyiron", "uv": [ 0.0, 0.0, 16.0, 16.0 ], "enabled": true },
    "up": { "texture": "#shinyiron", "uv": [ 0.0, 0.0, 16.0, 16.0 ], "enabled": true },
    "down": { "texture": "#shinyiron", "uv": [ 0.0, 0.0, 16.0, 16.0 ], "enabled": true }
   }
  },]  },
]
}