{
  "code": "minecart",
  "class": "MinecartEntity",
  "attributes": {
      "setGuardedEntityAttribute": true,
      "basespeed": 0.15,
      "pathcodecontains": "rails",
      "dropitem": "rustandrails:creature-minecart"
    },
  "hitboxSize": {
    "x": 1,
    "y": 1
  },
  "deadHitboxSize": {
    "x": 1,
    "y": 1
  },
  "eyeHeight": 1,
  "knockbackResistance": 1,
  "drops": [],
  "client": {
    "renderer": "Shape",
    "size": 1.2,
    "shape": { "base": "rustandrails:block/rails/minecart" },
    "behaviors": [
      {
        "code": "passivephysics",
        "groundDragFactor": 1,
        "airDragFactor": 0.25,
        "gravityFactor": 0.75
      },
      {
        "code": "interpolateposition"
      }
    ],
    "animations": [
      {
        "code": "hurt",
        "animation": "hurt",
        "animationSpeed": 2.2,
        "weight": 10,
        "blendMode": "AddAverage"
      },
      {
        "code": "idle",
        "animation": "idle",
        "blendMode": "AddAverage",
        "easeOutSpeed": 5
      },
      {
        "code": "walk",
        "animation": "walk",
        "animationSpeed": 1.5,
        "easeInSpeed": 3,
        "easeOutSpeed": 5,
        "weight": 20,
        "blendMode": "AddAverage"
      }
    ],
    
  },
  "server": {
    "behaviors": [
      {
        "code": "passivephysics",
        "groundDragFactor": 1,
        "airDragFactor": 0.25,
        "gravityFactor": 0.75
      },
      {
        "code": "health",
        "currenthealth": 100,
        "maxhealth": 100
      }
    ],
    

  }
}
