{
	"code": "connectedglass",
	"class": "BlockConnectedTexture",
	"entityclass": "BEConnectedTextures",

	"creativeinventory": {

		"connectedblocks": [ "*" ]
	},
	"blockmaterial": "Stone",
	"attributes": {
		"canChisel": false
	},
		renderPass: "Transparent",
	"texturesByType": {
		"*": {
			"all": { "base": "block/connectedtextures/blackframedglass" }


		}
	},
	sideopaque: {
		all: false
	},
	"resistance": 1,
	"sounds": {
		"place": "game:block/stone",
		"walk": "game:walk/stone"
	}
}