{
	"code": "mixer",
	"class": "ElectricalBlock",
	"entityclass": "BEEMixer",
	"creativeinventory": {
		"general": [ "*-east" ],
		"qptech": [ "*-east" ]
	},
	"entityBehaviors": [
		{ "name": "Animatable" },
		{ "name": "BEBMultiDummy" }
	],
	"behaviors": [

		{
			"name": "HorizontalOrientable",
			"properties": { "dropBlockFace": "east" }
		}
	],
	"variantgroups": [
		{
			"code": "type",
			"states": [ "mv" ]
		},
		{
			"code": "side",
			"loadFromProperties": "abstract/horizontalorientation"
		}
	],

	"attributesByType": {

		"*-mv-*": {
			"genFlux": 0,"useFlux": 20,
			"recipegroups": [ "Temporal Steel", "Concrete","Industrial Glass","Rubber" ],
			"inputFace": "west","outputFace": "east",
			"animationCode": "run","animation": "run","runAnimationSpeed": 1,
			"processingTime": 2000,
			"dummylocations": [0,1,0]
			
		}
	},
	
	"blockmaterial": "Metal",
	"drawtype": "json",

	"shape": { "base": "block/metal/electric/mixer" },
	"shapeByType": {
		"*-north": {
			"base": "block/metal/electric/mixer",
			"rotateY": 0
		},
		"*-east": {
			"base": "block/metal/electric/mixer",
			"rotateY": 270
		},
		"*-west": {
			"base": "block/metal/electric/mixer",
			"rotateY": 90
		},
		"*-south": {
			"base": "block/metal/electric/mixer",
			"rotateY": 180
		}
	},
	"lightAbsorption": 0,
	"resistance": 1,
	"sideAo": { "all": false },
	"sidesolid": {
		"all": false,
		"up": true
	},
	"sideopaque": {
		"all": false
	},

	"sounds": {
		"place": "game:block/anvil",
		"walk": "game:walk/stone"
	}


}