{
"editor": {"allAngles": false,"entityTextureMode": false},
"textureWidth": 16,
"textureHeight": 16,
"textureSizes": {},
"textures": {
 "tech" :"tech"
},
"elements": [
 {
  "name" : "Cube.30",
  "from": [ -2.629124, 7.396230, 8.011683 ],
  "to": [ 18.836664, 8.396230, 8.440314 ],
  "rotationOrigin": [ 8.103770, 7.896230, 8.225998 ],
  "rotationY": -0.000000,
  "rotationX": -0.000000,
  "rotationZ": -45.000016,
  "faces": {
    "north": { "texture": "#tech", "uv": [ 0.0, 0.0, 16.0, 16.0 ], "enabled": true },
    "east": { "texture": "#tech", "uv": [ 0.0, 0.0, 16.0, 16.0 ], "enabled": true },
    "south": { "texture": "#tech", "uv": [ 0.0, 0.0, 16.0, 16.0 ], "enabled": true },
    "west": { "texture": "#tech", "uv": [ 0.0, 0.0, 16.0, 16.0 ], "enabled": true },
    "up": { "texture": "#tech", "uv": [ 0.0, 0.0, 16.0, 16.0 ], "enabled": true },
    "down": { "texture": "#tech", "uv": [ 0.0, 0.0, 16.0, 16.0 ], "enabled": true }
   }
  }, {
  "name" : "Cube.21",
  "from": [ -2.629124, 7.396230, 7.576419 ],
  "to": [ 18.836664, 8.396230, 8.005050 ],
  "rotationOrigin": [ 8.103770, 7.896230, 7.790734 ],
  "rotationY": -0.000000,
  "rotationX": -0.000000,
  "rotationZ": 45.000016,
  "faces": {
    "north": { "texture": "#tech", "uv": [ 0.0, 0.0, 16.0, 16.0 ], "enabled": true },
    "east": { "texture": "#tech", "uv": [ 0.0, 0.0, 16.0, 16.0 ], "enabled": true },
    "south": { "texture": "#tech", "uv": [ 0.0, 0.0, 16.0, 16.0 ], "enabled": true },
    "west": { "texture": "#tech", "uv": [ 0.0, 0.0, 16.0, 16.0 ], "enabled": true },
    "up": { "texture": "#tech", "uv": [ 0.0, 0.0, 16.0, 16.0 ], "enabled": true },
    "down": { "texture": "#tech", "uv": [ 0.0, 0.0, 16.0, 16.0 ], "enabled": true }
   }
  }, {
  "name" : "Cube.12",
  "from": [ 15.500000, 0.000000, 7.500000 ],
  "to": [ 16.500000, 16.000000, 8.500000 ],
  "rotationOrigin": [ 16.000000, 8.000000, 8.000000 ],
  "rotationY": -0.000000,
  "rotationX": -0.000000,
  "rotationZ": -0.000000,
  "faces": {
    "north": { "texture": "#tech", "uv": [ 0.0, 0.0, 16.0, 16.0 ], "enabled": true },
    "east": { "texture": "#tech", "uv": [ 0.0, 0.0, 16.0, 16.0 ], "enabled": true },
    "south": { "texture": "#tech", "uv": [ 0.0, 0.0, 16.0, 16.0 ], "enabled": true },
    "west": { "texture": "#tech", "uv": [ 0.0, 0.0, 16.0, 16.0 ], "enabled": true },
    "up": { "texture": "#tech", "uv": [ 0.0, 0.0, 16.0, 16.0 ], "enabled": true },
    "down": { "texture": "#tech", "uv": [ 0.0, 0.0, 16.0, 16.0 ], "enabled": true }
   }
  }, {
  "name" : "Cube3",
  "from": [ 0.000000, 0.000000, 7.500000 ],
  "to": [ 1.000000, 16.000000, 8.500000 ],
  "rotationOrigin": [ 0.500000, 8.000000, 8.000000 ],
  "rotationY": -0.000000,
  "rotationX": -0.000000,
  "rotationZ": -0.000000,
  "faces": {
    "north": { "texture": "#tech", "uv": [ 0.0, 0.0, 16.0, 16.0 ], "enabled": true },
    "east": { "texture": "#tech", "uv": [ 0.0, 0.0, 16.0, 16.0 ], "enabled": true },
    "south": { "texture": "#tech", "uv": [ 0.0, 0.0, 16.0, 16.0 ], "enabled": true },
    "west": { "texture": "#tech", "uv": [ 0.0, 0.0, 16.0, 16.0 ], "enabled": true },
    "up": { "texture": "#tech", "uv": [ 0.0, 0.0, 16.0, 16.0 ], "enabled": true },
    "down": { "texture": "#tech", "uv": [ 0.0, 0.0, 16.0, 16.0 ], "enabled": true }
   }
  },
]
}