{
	"editor": {
		"allAngles": false,
		"entityTextureMode": false
	},
	"textureWidth": 16,
	"textureHeight": 16,
	"textureSizes": {
	},
	"textures": {
		"material": "block/rails/wooden/rail"
	},
	"elements": [
		{
			"name": "Base2",
			"from": [ 0.0, 0.0, 11.0 ], 
			"to": [ 16.0, 1.0, 13.0 ], 
			"faces": {
				"north": { "texture": "#material", "uv": [ 0.0, 7.0, 16.0, 8.0 ] },
				"east": { "texture": "#material", "uv": [ 1.5, 6.5, 3.5, 7.5 ] },
				"south": { "texture": "#material", "uv": [ 0.0, 5.5, 16.0, 6.5 ] },
				"west": { "texture": "#material", "uv": [ 8.5, 7.0, 10.5, 8.0 ] },
				"up": { "texture": "#material", "uv": [ 0.0, 5.5, 16.0, 7.5 ] },
				"down": { "texture": "#material", "uv": [ 0.0, 5.5, 16.0, 7.5 ], "rotation": 180 }
			}
		},
		{
			"name": "Rail1",
			"from": [ 2.0, 1.0, 0.0 ], 
			"to": [ 4.0, 2.5, 16.0 ], 
			"faces": {
				"north": { "texture": "#material", "uv": [ 3.0, 1.5, 5.0, 3.0 ] },
				"east": { "texture": "#material", "uv": [ 0.0, 1.5, 16.0, 3.0 ] },
				"south": { "texture": "#material", "uv": [ 8.0, 1.5, 10.0, 3.0 ] },
				"west": { "texture": "#material", "uv": [ 0.0, 1.5, 16.0, 3.0 ] },
				"up": { "texture": "#material", "uv": [ 0.0, 0.0, 16.0, 2.0 ], "rotation": 270 },
				"down": { "texture": "#material", "uv": [ 0.0, 2.0, 16.0, 4.0 ], "rotation": 270 }
			}
		},
		{
			"name": "Base1",
			"from": [ 0.0, 0.0, 3.0 ], 
			"to": [ 16.0, 1.0, 5.0 ], 
			"rotationOrigin": [ 0.0, 0.0, -8.0 ],
			"faces": {
				"north": { "texture": "#material", "uv": [ 0.0, 10.0, 16.0, 11.0 ] },
				"east": { "texture": "#material", "uv": [ 1.5, 6.5, 3.5, 7.5 ] },
				"south": { "texture": "#material", "uv": [ 0.0, 8.5, 16.0, 9.5 ] },
				"west": { "texture": "#material", "uv": [ 8.5, 8.0, 10.5, 9.0 ] },
				"up": { "texture": "#material", "uv": [ 0.0, 5.5, 16.0, 7.5 ] },
				"down": { "texture": "#material", "uv": [ 0.0, 7.5, 16.0, 9.5 ], "rotation": 180 }
			}
		},
		{
			"name": "Rail2",
			"from": [ 12.0, 1.0, 0.0 ], 
			"to": [ 14.0, 2.5, 16.0 ], 
			"rotationOrigin": [ 10.0, 0.0, 0.0 ],
			"faces": {
				"north": { "texture": "#material", "uv": [ 3.0, 1.5, 5.0, 3.0 ] },
				"east": { "texture": "#material", "uv": [ 0.0, 1.5, 16.0, 3.0 ] },
				"south": { "texture": "#material", "uv": [ 8.0, 1.5, 10.0, 3.0 ] },
				"west": { "texture": "#material", "uv": [ 0.0, 1.5, 16.0, 3.0 ] },
				"up": { "texture": "#material", "uv": [ 0.0, 0.0, 16.0, 2.0 ], "rotation": 270 },
				"down": { "texture": "#material", "uv": [ 0.0, 2.0, 16.0, 4.0 ], "rotation": 270 }
			}
		}
	]}