{
	code: "metalrails",
	class: "BlockRails",
	behaviors: [ {name: "Unstable"} ],
	attributes: {
		handbook: {
			groupBy: [ "metalrails-*" ],
			exclude: true
		},
	},
	variantgroups: [
		{
			code: "type",
			states: [ "curved_es", "curved_sw", "curved_wn", "curved_ne", "flat_ns", "flat_we", "raised_ns", "raised_we" ]
		}
	],
	creativeinventory: {
		"general": [ "metalrails-flat_ns" ],
		"decorative": [ "metalrails-flat_ns" ],
		"r&r": [ "metalrails-flat_ns" ]
	},
	shapeByType: {
		"*-curved_sw": { base: "block/rails/curved_es", rotateY: 270 },
		"*-curved_wn": { base: "block/rails/curved_es", rotateY: 180 },
		"*-curved_ne": { base: "block/rails/curved_es", rotateY: 90 },
		"*-flat_we":  { base: "block/rails/flat_ns", rotateY: 90 },
		"*-raised_we":  { base: "block/rails/raised_ns", rotateY: 90 },
		"*": { base: "block/rails/{type}" }
	},
	blockmaterial: "Metal",
	textures: {
		"material": { "base": "block/rails/metal/rail" }
	},
	sidesolid: {
		all: false
	},
	sideopaque: {
		all: false
	},
	resistance: 0.5,
	lightAbsorption: 0,
	collisionbox: null,
	selectionbox: { x1: 0, y1: 0, z1: 0, x2: 1, y2: 0.125, z2: 1 },
	sounds: {
		"place": "game:block/plate",
		"hit": "game:block/plate",
		"break": "game:block/plate",
		"walk": "game:walk/wood"
	},
	guiTransform: {
		translation: { x: 0, y: 2, z: 0 },
		origin: { x: 0.5, y: 0.0625, z: 0.5 },
		scale: 1.3
	},
	tpHandTransform: {
		translation: { x: -1.2, y: -0.4, z: -1.3 },
		rotation: { x: -68, y: 0, z: 0 },
		origin: { x: 0.5, y: 0.1, z: 0.5 },
		scale: 0.4
	},
	groundTransform: {
		origin: { x: 0.5, y: 0, z: 0.5 },
		scale: 2
	},
	fpHandTransform: {
		translation: { x: 0, y: 0.1, z: 0 },
		rotation: { x: 0, y: -50, z: 67 },
		origin: { x: 0.5, y: 0.13, z: 0.5 }
	}
}