[
{
	ingredientPattern: "R	P",
	ingredients: {
		"R": { type: "item", code: "braidedwire-copper", quantity: 5 },
		"P": { type: "item", code: "rubbercrucible", "quantity": 1 }
		
		
		
	},
	width: 1,
	height: 2,
	output: { type: "item", code: "cable-copper", quantity: 5  }
},
	{
		ingredientPattern: "RW",
		ingredients: {
			"R": { 
				type: "block", 
				code: "game:woodbucket"
			},
			"W": { 
				type: "item", 
				code: "machines:braidedwire-copper", 
				quantity: 1
			}
		},
		width: 2,
		height: 1,
		attributes: {
			liquidContainerProps: {
				requiresContent: { type: "item", code: "machines:liquidrubberportion" },
				requiresLitres: 2
			}
		},
		
		shapeless: true,
		output: { type: "item", code: "machines:cable-copper"  }
	}
]