{
	"code": "concrete",
	"creativeinventory": {
		"general": [ "*" ],
		"qptech-decor": [ "*" ]
	},
	"variantgroups": [
		{
			"code": "type",
			"states": [ "blue","red","yellow","purple","brown","green","orange","black","gray","pink","white","internal" ]
		}

	],
	"maxStackSize": 32,
	"blockmaterial": "Stone",
	"drawtype": "Cube",
	"texturesByType": {
		"*": {
			"all": { "base": "block/stone/concrete-{type}" }


		}
	},
	"resistance": 1,
	"sounds": {
		"place": "game:block/stone",
		"walk": "game:walk/stone"
	}
}