{
	"code": "metalpress",
	"class": "BlockMetalPress",
	"entityclass": "BEEAssembler",
	"entityBehaviors": [ { "name": "Animatable" } ],
	"creativeinventory": {
		"general": [ "*-east" ],
		"qptech": [ "*-east" ]
	},
	"variantgroups": [
		{
			"code": "type",
			"states": [ "lvsoftmetalplate", "lvsoftscrew", "lvsoftrod", "lvbender", "lvpunch", "lvhardmetalplate","lvhardscrew" ]
		},
		{
			"code": "side",
			"loadFromProperties": "abstract/horizontalorientation"
		}
	],
	"behaviors": [

		{
			"name": "HorizontalOrientable",
			"properties": { "dropBlockFace": "east" }
		}
	],
	"attributes": {
		"wireoffset":[0.5, 1, 0.5]
	},
	"attributesbytype": {
		"*-lvsoftmetalplate-*": {
			"genFlux": 0,
			"useFlux": 4,
			"inputFace": "west",
			"outputFace": "east",
			"acceptFromFaces": [ "west" ],
			"inputQuantity": 2,
			"outputQuantity": 1,
			"recipe": "game:metalplate",
			"ingredient": "ingot",
			"animationCode": "process",
			"animation": "process",
			"runAnimationSpeed": 1,
			"processingTime": 3000,
			"heatRequirement": 800,
			"materials": [ "copper", "brass", "gold", "silver", "tin", "lead", "bismuth", "zinc", "tinbronze", "bismuthbronze", "blackbronze","molybdochalkos" ]
			
		},
		"*-lvhardmetalplate-*": {
			"genFlux": 0,
			"useFlux": 4,
			"inputFace": "west",
			"outputFace": "east",
			"acceptFromFaces": [ "west" ],
			"inputQuantity": 2,
			"outputQuantity": 1,
			"recipe": "game:metalplate",
			"ingredient": "ingot",
			"animationCode": "process",
			"animation": "process",
			"runAnimationSpeed": 1,
			"processingTime": 3000,
			"heatRequirement": 1000,
			"materials": [ "copper", "brass", "gold", "silver", "tin", "lead", "bismuth", "zinc", "tinbronze", "bismuthbronze", "blackbronze", "iron", "meteoriciron", "steel","temporalsteel","molybdochalkos" ]

		},
		"*-lvpunch-*": {
			"genFlux": 0,
			"useFlux": 4,
			"inputFace": "west",
			"outputFace": "east",
			"acceptFromFaces": [ "west" ],
			"inputQuantity": 1,
			"outputQuantity": 1,
			"recipe": "machines:drilledplate",
			"ingredient": "metalplate",
			"animationCode": "process",
			"animation": "process",
			"runAnimationSpeed": 1,
			"processingTime": 3000,
			"heatRequirement": 800,
			"materials": [ "tinbronze", "bismuthbronze", "blackbronze","iron","steel" ]

		},
		"*-lvsoftscrew-*": {
			"genFlux": 0,
			"useFlux": 4,
			"receptionFaces": [ "north" ],
			"inputFace": "west",
			"outputFace": "east",
			"inputQuantity": 1,
			"outputQuantity": 12,
			"recipe": "machines:screw",
			"ingredient": "rod",
			"animationCode": "process",
			"animation": "process",
			"runAnimationSpeed": 1,
			"processingTime": 3000,
			"heatRequirement": -1,
			"materials": [ "brass" ]

		},
		"*-lvsoftrod-*": {
			"genFlux": 0,
			"useFlux": 4,
			"receptionFaces": [ "north" ],
			"inputFace": "west",
			"outputFace": "east",
			"inputQuantity": 1,
			"outputQuantity": 5,
			"recipe": "machines:rod",
			"ingredient": "metalplate",
			"animationCode": "process",
			"animation": "process",
			"runAnimationSpeed": 1,
			"processingTime": 3000,
			"heatRequirement": 800,
			"materials": [ "brass", "copper" ]
		},
		"*-lvbender-*": {
			"genFlux": 0,
			"useFlux": 4,
			"receptionFaces": [ "north" ],
			"inputFace": "west",
			"outputFace": "east",
			"inputQuantity": 1,
			"outputQuantity": 3,
			"recipe": "game:chutesection",
			"ingredient": "metalplate",
			"animationCode": "process",
			"animation": "process",
			"runAnimationSpeed": 1,
			"processingTime": 3000,
			"heatRequirement": 800,
			"materials": [ "copper" ]
		},
		"*-lvhardscrew-*": {
			"genFlux": 0,
			"useFlux": 8,
			"receptionFaces": [ "north" ],
			"inputFace": "west",
			"outputFace": "east",
			"inputQuantity": 1,
			"outputQuantity": 16,
			"recipe": "machines:screw",
			"ingredient": "rod",
			"animationCode": "process",
			"animation": "process",
			"runAnimationSpeed": 1,
			"processingTime": 4000,
			
			"materials": [ "brass","steel" ]

		}

	},
	"blockmaterial": "Metal",
	"drawtype": "json",
	"shape": { "base": "block/metal/electric/metalpress" },
	"shapeByType": {
		"*-north": {
			"base": "block/metal/electric/metalpress",
			"rotateY": 0
		},
		"*-east": {
			"base": "block/metal/electric/metalpress",
			"rotateY": 270
		},
		"*-west": {
			"base": "block/metal/electric/metalpress",
			"rotateY": 90
		},
		"*-south": {
			"base": "block/metal/electric/metalpress",
			"rotateY": 180
		}
	},
	"textures": {
		"machinery-back": { "base": "block/metal/generator/machinery-back" },
		"castiron-bar": { "base": "block/metal/metalpress/castiron-bar" },
		"castiron-top": { "base": "block/metal/metalpress/castiron-top" },
		"castiron-back": { "base": "block/metal/metalpress/castiron-back" },
		"machinery-border-small": { "base": "block/metal/metalpress/machinery-border-small" },
		"wires": { "base": "block/metal/wires/tin-wires" }
	},
	"lightAbsorption": 0,
	"resistance": 1,
	"sidesolid": {
		"all": false
	},
	"sideAo": { "all": false },
	"sideopaque": {
		"all": false
	},
	"sounds": {
		"place": "game:block/anvil",
		"walk": "game:walk/stone"
	}


}