{
	"editor": {
		"allAngles": false,
		"entityTextureMode": false
	},
	"textureWidth": 16,
	"textureHeight": 16,
	"textureSizes": {
	},
	"textures": {
		"s": "block/connectedtextures/concretetile-s",
		"e": "block/connectedtextures/concretetile-e",
		"w": "block/connectedtextures/concretetile-w",
		"nesw": "block/connectedtextures/concretetile-nesw",
		"n": "block/connectedtextures/concretetile-n",
		"0": "block/connectedtextures/concretetile-0",
		"ne": "block/connectedtextures/concretetile-ne",
		"es": "block/connectedtextures/concretetile-es",
		"sw": "block/connectedtextures/concretetile-sw",
		"wn": "block/connectedtextures/concretetile-wn",
		"nes": "block/connectedtextures/concretetile-nes",
		"esw": "block/connectedtextures/concretetile-esw",
		"swn": "block/connectedtextures/concretetile-swn",
		"wne": "block/connectedtextures/concretetile-wne",
		"ns": "block/connectedtextures/concretetile-ns",
		"ew": "block/connectedtextures/concretetile-ew"

	},
	"elements": [
		{
			"name": "Cube1",
			"from": [ 0.0, 0.0, 0.0 ],
			"to": [ 16.0, 16.0, 16.0 ],
			"faces": {
				"north": {
					"texture": "#n",
					"uv": [ 0.0, 0.0, 16.0, 16.0 ],
					"autoUv": false
				},
				"east": {
					"texture": "#e",
					"uv": [ 0.0, 0.0, 16.0, 16.0 ]
				},
				"south": {
					"texture": "#s",
					"uv": [ 0.0, 0.0, 16.0, 16.0 ]
				},
				"west": {
					"texture": "#w",
					"uv": [ 0.0, 0.0, 16.0, 16.0 ]
				},
				"up": {
					"texture": "#nesw",
					"uv": [ 0.0, 0.0, 16.0, 16.0 ]
				},
				"down": {
					"texture": "#0",
					"uv": [ 0.0, 0.0, 16.0, 16.0 ],
					"rotation": 180
				}
			}
		}
	]
}